Workbook

Sheet Item_Master
A1: ID | B1: Name | C1: Description | D1: UseDescription | E1: ItemType | F1: Rarity | G1: AtlasGroup
A2: Nimbus_Cudgel | B2: STR_NIMBUS_CUDGEL_NAME | C2: STR_NIMBUS_CUDGEL_DES | D2: STR_NIMBUS_CUDGEL_SKILL | E2: Weapon | F2: Legendary
A3: Triple_Edged_Blade | B3: STR_TRIPLE_EDGED_BLADE_NAME | C3: STR_TRIPLE_EDGED_BLADE_DES | D3: STR_TRIPLE_EDGED_BLADE_SKILL | E3: Weapon | F3: Legendary
A4: Vanguard_Of_Volition | B4: STR_VANGUARD_OF_VOLITION_NAME | C4: STR_VANGUARD_OF_VOLITION_DES | D4: STR_VANGUARD_OF_VOLITION_SKILL | E4: Weapon | F4: Legendary
A5: Ninefold_Staff | B5: STR_NINEFOLD_STAFF_NAME | C5: STR_NINEFOLD_STAFF_DES | D5: STR_NINEFOLD_STAFF_SKILL | E5: Weapon | F5: Rare
A6: Nine_ToolThed_Rake | B6: STR_NINE_TOOLTHED_RAKE_NAME | C6: STR_NINE_TOOLTHED_RAKE_DES | D6: STR_NINE_TOOLTHED_RAKE_SKILL | E6: Weapon | F6: Legendary
A7: Nimbus_Cloud | B7: STR_NIMBUS_CLOUD_NAME | C7: STR_NIMBUS_CLOUD_DES | D7: STR_NIMBUS_CLOUD_SKILL | E7: Weapon | F7: Rare
A8: Sunburst_Spade | B8: STR_SUNBURST_SPADE_NAME | C8: STR_SUNBURST_SPADE_DES | D8: STR_SUNBURST_SPADE_SKILL | E8: Weapon | F8: Common
A9: Reincarnation | B9: STR_REINCARNATION_NAME | C9: STR_REINCARNATION_DES | D9: STR_REINCARNATION_SKILL | E9: Weapon | F9: Epic
A10: Ennead_spear | B10: STR_ENNEAD_SPEAR_NAME | C10: STR_ENNEAD_SPEAR_DES | D10: STR_ENNEAD_SPEAR_SKILL | E10: Weapon | F10: Uncommon
A11: Crescent_Axe | B11: STR_CRESCENT_AXE_NAME | C11: STR_CRESCENT_AXE_DES | D11: STR_CRESCENT_AXE_SKILL | E11: Weapon | F11: Common
A12: Bronze_Hammer | B12: STR_BRONZE_HAMMER_NAME | C12: STR_BRONZE_HAMMER_DES | D12: STR_BRONZE_HAMMER_SKILL | E12: Weapon | F12: Uncommon
A13: Moonlit_Firelfy | B13: STR_MOONLIT_FIREFLY_NAME | C13: STR_MOONLIT_FIREFLY_DES | D13: STR_MOONLIT_FIREFLY_SKILL | E13: Weapon | F13: Legendary
... A65: supreme_exp | B65: STR_SUPREME_EXP | C65: STR_EXP_DESCRIPTION | D65: STR_EXP_USEFUL | E65: Exp | F65: Legendary
A66: SunWukong | B66: STR_SUN_WUKONG | C66: STR_SHARD_DESCRIPTION | E66: Shard | F66: Legendary
A67: TangSanZang | B67: STR_TANG_SANZANG | C67: STR_SHARD_DESCRIPTION | E67: Shard | F67: Uncommon
A68: ZhuBaJie | B68: STR_ZHU_BAIJE | C68: STR_SHARD_DESCRIPTION | E68: Shard | F68: Epic
A69: ShaWujing | B69: STR_SHA_WUJING | C69: STR_SHARD_DESCRIPTION | E69: Shard | F69: Rare
A70: DragonKing | B70: STR_DRAGON_KING_EATERN_SEA | C70: STR_SHARD_DESCRIPTION | E70: Shard | F70: Rare
A71: ThirdPrinceNezha | B71: STR_THIRD_PRINCE_NEZHA | C71: STR_SHARD_DESCRIPTION | E71: Shard | F71: Legendary
A72: LittleWhiteDragon | B72: STR_LITTLE_WHITE_DRAGON | C72: STR_SHARD_DESCRIPTION | E72: Shard | F72: Common
A73: BullDemonKing | B73: STR_BULL_DEMON_KING | C73: STR_SHARD_DESCRIPTION | E73: Shard | F73: Legendary
A74: ErlangShen | B74: STR_ERLANG_SHEN_YANG_JIAN | C74: STR_SHARD_DESCRIPTION | E74: Shard | F74: Legendary
A75: LiJing | B75: STR_LI_JING | C75: STR_SHARD_DESCRIPTION | E75: Shard | F75: Legendary
A76: VanguardTiger | B76: STR_VANGUARD_TIGER | C76: STR_SHARD_DESCRIPTION | E76: Shard | F76: Common
A77: TheBoySage | B77: STR_THE_BOY_SAGE | C77: STR_SHARD_DESCRIPTION | E77: Shard | F77: Legendary
... A81: GoldfishDemon | B81: STR_GOLD_FISH_DEMON | C81: STR_SHARD_DESCRIPTION | E81: Shard | F81: Epic
A82: Armor01_Helmet | B82: STR_ARMOR_01 | E82: Armor | F82: Legendary
A83: Armor02_Helmet | B83: STR_ARMOR_02 | E83: Armor | F83: Rare
A84: Armor03_Helmet | B84: STR_ARMOR_03 | E84: Armor | F84: Uncommon
A85: Armor04_Helmet | B85: STR_ARMOR_04 | E85: Armor | F85: Epic
A86: Armor05_Helmet | B86: STR_ARMOR_05 | E86: Armor | F86: Common
A87: Armor06_Helmet | B87: STR_ARMOR_06 | E87: Armor | F87: Epic
A88: Armor07_Helmet | B88: STR_ARMOR_07 | E88: Armor | F88: Legendary
A89: Armor08_Helmet | B89: STR_ARMOR_08 | E89: Armor | F89: Legendary
A90: Armor01_Chestplate | B90: STR_ARMOR_01 | E90: Armor | F90: Legendary
A91: Armor02_Chestplate | B91: STR_ARMOR_02 | E91: Armor | F91: Rare
A92: Armor03_Chestplate | B92: STR_ARMOR_03 | E92: Armor | F92: Uncommon
A93: Armor04_Chestplate | B93: STR_ARMOR_04 | E93: Armor | F93: Epic
... A129: Armor08_Ring | B129: STR_ARMOR_08 | E129: Armor | F129: Legendary
A130: ShaWujing_avatar | E130: Avatar | F130: Common
A131: TangSanzang_avatar | E131: Avatar | F131: Common
A132: Wukong_avatar | E132: Avatar | F132: Common
A133: Wukong01_avatar | E133: Avatar | F133: Common
A134: Wukong02_avatar | E134: Avatar | F134: Common
A135: Wukong03_avatar | E135: Avatar | F135: Common
A136: Wukong04_avatar | E136: Avatar | F136: Common
A137: Wukong05_avatar | E137: Avatar | F137: Common
A138: ZhuBajie_avatar | E138: Avatar | F138: Common
A139: Slime | B139: STR_SLIME_NAME | C139: STR_SLIME_DES | D139: STR_SLIME_USEFUL | E139: Material | F139: Common

Sheet Item_Detail
A1: ID | B1: Pram01 | C1: Pram02 | D1: Pram03 | E1: Pram04 | F1: Pram05
A2: common_exp | B2: 100
A3: fine_exp | B3: 400
A4: rare_exp | B4: 1600
A5: supreme_exp | B5: 6400
A6: Jade_Parcels | B6: GlobalStatBuff | C6: 15 | D6: CRIT_RATE | E6: Flat | F6: 10
A7: Dragon_Bread_Noodies | B7: GlobalStatBuff | C7: 30 | D7: CRIT_DMG_RES | E7: Flat | F7: 10
A8: Lamian_Noodies | B8: GlobalStatBuff | C8: 200 | D8: ATK | E8: Flat | F8: 10
A9: Tofu_Soup | B9: GlobalStatBuff | C9: 500 | D9: HP | E9: Flat | F9: 5
A10: Fried_Radish_Balls | B10: GlobalStatBuff | C10: 100 | D10: DEF | E10: Flat | F10: 5
A11: Shirmp_Dumplings | B11: RestoreEnergy | C11: 60
A12: Murshroom_Steamed_Buns | B12: RestoreEnergy | C12: 30

Sheet Weapon
A1: ID | B1: Rare | C1: Type | D1: HP | E1: ATK | F1: GrowthHP | G1: GrowthATK | H1: PassiveID
A2: Nimbus_Cudgel | B2: Legendary | C2: Fighter | D2: 1375 | E2: 225 | F2: 138 | G2: 23 | H2: psv_nimbus_cudgel
A3: Triple_Edged_Blade | B3: Legendary | C3: Fighter | D3: 1375 | E3: 225 | F3: 138 | G3: 23 | H3: psv_triple_edged_blade
A4: Vanguard_Of_Volition | B4: Legendary | C4: Assassin | D4: 875 | E4: 325 | F4: 88 | G4: 33 | H4: psv_vanguard_of_volition
A5: Ninefold_Staff | B5: Rare | C5: Support | D5: 495 | E5: 121 | F5: 50 | G5: 12 | H5: psv_ninefold_staff
A6: Nine_ToolThed_Rake | B6: Legendary | C6: Tanker | D6: 2000 | E6: 100 | F6: 200 | G6: 10 | H6: psv_nine_toothed_rake
A7: Nimbus_Cloud | B7: Rare | C7: Mage | D7: 495 | E7: 121 | F7: 50 | G7: 12 | H7: psv_nimbus_cloud
A8: Sunburst_Spade | B8: Common | C8: Normal | D8: 300 | E8: 40 | F8: 30 | G8: 4 | H8: psv_sunburst_spade
A9: Reincarnation | B9: Epic | C9: ADCarry | D9: 578 | E9: 214 | F9: 58 | G9: 21 | H9: psv_reincarnation
A10: Ennead_spear | B10: Uncommon | C10: Normal | D10: 450 | E10: 60 | F10: 45 | G10: 6 | H10: psv_ennead_spear
A11: Crescent_Axe | B11: Common | C11: Normal | D11: 300 | E11: 40 | F11: 30 | G11: 4 | H11: psv_crescent_axe
A12: Bronze_Hammer | B12: Uncommon | C12: Tanker | D12: 600 | E12: 30 | F12: 60 | G12: 3 | H12: psv_bronze_hammer
A13: Moonlit_Firelfy | B13: Legendary | C13: Mage | D13: 1125 | E13: 275 | F13: 113 | G13: 28 | H13: psv_moonlit_firefly
... A16: Windfire_Wheel | B16: Epic | C16: Assassin | D16: 578 | E16: 214 | F16: 58 | G16: 21 | H16: psv_windfire_wheel
A17: Wooden_Staff | B17: Legendary | C17: Normal | D17: 300 | E17: 40 | F17: 30 | G17: 4
A18: LingLong_Pagoda | B18: Legendary | C18: Tanker | D18: 2200 | E18: 120 | F18: 220 | G18: 12 | H18: psv_linglong_pagoda
A19: Ferrous_Chaos | B19: Legendary | C19: Fighter | D19: 1375 | E19: 225 | F19: 138 | G19: 23 | H19: psv_ferrous_chaos

Sheet Passives
A1: ID | B1: desc_template | C1: Note
A2: psv_nimbus_cudgel | B2: STR_NIMBUS_CUDGEL_SKILL | C2: Tấn công và phòng thủ tăng {0}%. Sau khi tấn công đơn, nếu đánh bại mục tiêu thì điểm hành động tăng {1}%.
A3: psv_triple_edged_blade | B3: STR_TRIPLE_EDGED_BLADE_SKILL | C3: Tăng {0}% Sát Thương Bạo Kích và {1}% Tấn Công. Sau khi thi triển kỹ năng tấn công đơn đánh bại mục tiêu, có {2}% xác suất hiệp hồi chiêu kỹ năng của bản thân -1.
A4: psv_vanguard_of_volition | B4: STR_VANGUARD_OF_VOLITION_SKILL | C4: Tăng {0}% Sát Thương Bạo Kích và {1}% Tấn Công. Khi gây sát thương Bạo Kích, tăng {2}% Điểm Hành Động của bản thân. Sau khi tấn công đơn mục tiêu, nếu mục tiêu còn sống, có {3}% xác suất lập tức tung đòn Đánh Thường để truy kích.
A5: psv_ninefold_staff | B5: STR_NINEFOLD_STAFF_SKILL | C5: Tăng {0}% Tốc Độ. Tăng thêm {1}% hiệu quả cho các kỹ năng Cường Hóa và Hỗ Trợ.
A6: psv_nine_toothed_rake | B6: STR_NINE_TOOLTHED_RAKE_SKILL | C6: Tăng {0}% HP và {0}% Phòng Thủ. Mỗi khi chịu sát thương, Phòng Thủ tăng thêm {1}%, tối đa cộng dồn 5 tầng. Khi đạt 5 tầng, hồi phục 10% HP Tối Đa.
A7: psv_nimbus_cloud | B7: STR_NIMBUS_CLOUD_SKILL | C7: Tăng {0}% Tốc Độ và {1}% Tấn Công. Khi bắt đầu lượt, tăng {2}% Điểm Hành Động của bản thân.
A8: psv_sunburst_spade | B8: STR_SUNBURST_SPADE_SKILL | C8: Tấn công tăng {0}%.
A9: psv_reincarnation | B9: STR_REINCARNATION_SKILL | C9: Tấn công tăng {0}%. Đòn tấn công đơn mục tiêu gây thêm {1}% Sát thương.
A10: psv_ennead_spear | B10: STR_ENNEAD_SPEAR_SKILL | C10: Tỷ lệ bạo kích tăng {0}%.
A11: psv_crescent_axe | B11: STR_CRESCENT_AXE_SKILL | C11: ST Bạo Kích tăng {0}%.
A12: psv_bronze_hammer | B12: STR_BRONZE_HAMMER_SKILL | C12: Phòng thủ tăng {0}%.
... A22: psv_linglong_pagoda | B22: STR_LINGLONG_PAGODA_SKILL | C22: HP Tối Đa tăng {0}%. Đồng thời giảm 15% sát thương nhận vào ở đòn đánh đầu tiên; các đòn tiếp theo có 40% tỉ lệ kích hoạt hiệu ứng [Giảm Sát Thương] (giảm 10% sát thương).
A23: psv_bulldemonking_counter | B23: STR_BULL_COUNTER_NAME | C23: Có 50%, 75%, 100% cơ hội phản kích khi bị đánh thường | D23: STR_BULL_COUNTER_DES
A24: psv_ferrous_chaos | B24: STR_FERROUS_CHAOS_SKILL | C24: Tăng {0}% Tấn Công và {0}% Phòng Thủ. Trạng thái Áp Đảo (HP > 50%) tăng 16% Sát thương Kỹ năng. Trạng thái Huyết Chiến (HP ≤ 50%) nhận 16% Hút Máu tương đương 16% tổng sát thương gây ra.
A25: psv_nezha_ultimate | B25: STR_NEZHA_ULT_PASSIVE | C25: Khi kết liễu kẻ địch bằng chiêu cuối, kích hoạt hiệu ứng [Càn Quét] tấn công 1 kẻ địch khác với 120% ATK.
A26: psv_windfire_wheel | B26: STR_WINDFIRE_WHEEL_SKILL | C26: Tăng {0}% Sát Thương Bạo Kích và {0}% Tấn Công. Khi gây sát thương Bạo Kích, tăng {1}% Điểm Hành Động của bản thân.
A27: psv_thirddragon_major | B27: STR_THIRD_DRAGON_MAJOR_PAS | C27: Bắn cầu băng gây sát thương và làm Tê Tái giảm {0}% Tốc độ trong 2 hiệp.
A28: psv_theboysage_ultimate | B28: STR_THEBOYSAGE_ULTIMATE_PASSIVE | C28: Tuyệt kỹ bỏ qua 30% Phòng Thủ của mục tiêu.

Sheet StaticModifiers
A1: passive_id | B1: stat_type | C1: modify_type | D1: modify_by_upgrade | E1: Note
A2: psv_nimbus_cudgel | B2: ATK | C2: Percent | D2: 10, 15, 20, 25, 30, 35 | E2: Tấn công và phòng thủ tăng {0}%. Sau khi tấn công đơn, nếu đánh bại mục tiêu thì điểm hành động tăng {1}%.
A3: psv_nimbus_cudgel | B3: DEF | C3: Percent | D3: 10, 15, 20, 25, 30, 35 | E3: Tấn công và phòng thủ tăng {0}%. Sau khi tấn công đơn, nếu đánh bại mục tiêu thì điểm hành động tăng {1}%.
A4: psv_ninefold_staff | B4: SPEED | C4: Percent | D4: 6, 8, 10, 12, 15, 20 | E4: Tăng {0}% Tốc Độ. Tăng thêm {1}% hiệu quả cho các kỹ năng Cường Hóa và Hỗ Trợ.
A5: psv_reincarnation | B5: ATK | C5: Percent | D5: 8, 11, 14, 17, 20, 25 | E5: Tấn công tăng {0}%. Đòn tấn công đơn mục tiêu gây thêm {1}% Sát thương.
A6: psv_ennead_spear | B6: CRIT_RATE | C6: Percent | D6: 5, 7.5, 10, 12.5, 16, 20 | E6: Tỷ lệ bạo kích tăng {0}%.
A7: psv_crescent_axe | B7: CRIT_DMG | C7: Percent | D7: 5, 7.5, 10, 12.5, 17,, 21 | E7: ST Bạo Kích tăng {0}%.
A8: psv_bronze_hammer | B8: DEF | C8: Percent | D8: 5, 7.5, 10, 12.5, 16, 20 | E8: Phòng thủ tăng {0}%.
A9: psv_linglong_pagoda | B9: HP | C9: Percent | D9: 15, 20, 25, 30, 35, 40 | E9: HP tối đa tăng {0}%
A10: psv_ferrous_chaos | B10: ATK | C10: Percent | D10: 10, 15, 20, 25, 30, 35 | E10: Tăng {0}% Tấn Công và {0}% Phòng Thủ. Trạng thái Áp Đảo (HP > 50%) tăng 16% Sát thương Kỹ năng. Trạng thái Huyết Chiến (HP ≤ 50%) nhận 16% Hút Máu tương đương 16% tổng sát thương gây ra.
A11: psv_ferrous_chaos | B11: DEF | C11: Percent | D11: 10, 15, 20, 25, 30, 35 | E11: Tăng {0}% Tấn Công và {0}% Phòng Thủ. Trạng thái Áp Đảo (HP > 50%) tăng 16% Sát thương Kỹ năng. Trạng thái Huyết Chiến (HP ≤ 50%) nhận 16% Hút Máu tương đương 16% tổng sát thương gây ra.
A12: psv_windfire_wheel | B12: CRIT_DMG | C12: Percent | D12: 8, 10, 12, 14, 17, 20 | E12: Tăng {0}% Sát Thương Bạo Kích và {0}% Tấn Công. Khi gây sát thương Bạo Kích, tăng {1}% Điểm Hành Động của bản thân.
... A18: psv_vanguard_of_volition | B18: ATK | C18: Percent | D18: 10, 12, 14, 17, 20, 25 | E18: Tăng {0}% Sát Thương Bạo Kích và {1}% Tấn Công. Khi gây sát thương Bạo Kích, tăng {2}% Điểm Hành Động của bản thân. Sau khi tấn công đơn mục tiêu, nếu mục tiêu còn sống, có {3}% xác suất lập tức tung đòn Đánh Thường để truy kích.
A19: psv_nimbus_cloud | B19: SPEED | C19: Percent | D19: 4.0, 5.0, 6.0, 7.0, 8.5, 10.0
A20: psv_nimbus_cloud | B20: ATK | C20: Percent | D20: 5.0, 6.5, 8.0, 10.0, 12.0, 15.0
A21: psv_plantain_fan | B21: CRIT_DMG | C21: Percent | D21: 20.0, 25.0, 30.0, 35.0, 40.0, 50.0
A22: psv_plantain_fan | B22: ATK | C22: Percent | D22: 10.0, 12.0, 14.0, 17.0, 20.0, 25.0
A23: psv_triple_edged_blade | B23: CRIT_DMG | C23: Percent | D23: 30.0, 36.0, 42.0, 48.0, 54.0, 60.0 | E23: Tăng {0}% Sát Thương Bạo Kích và {1}% Tấn Công. Sau khi thi triển kỹ năng tấn công đơn đánh bại mục tiêu, có {2}% xác suất hiệp hồi chiêu kỹ năng của bản thân -1.
A24: psv_triple_edged_blade | B24: ATK | C24: Percent | D24: 10.0, 12.0, 14.0, 17.0, 20.0, 25.0 | E24: Tăng {0}% Sát Thương Bạo Kích và {1}% Tấn Công. Sau khi thi triển kỹ năng tấn công đơn đánh bại mục tiêu, có {2}% xác suất hiệp hồi chiêu kỹ năng của bản thân -1.
A25: psv_moonlit_firefly | B25: SPEED | C25: Percent | D25: 8.0, 10.0, 12.0, 15.0, 18.0, 25.0 | E25: Tăng {0}% Tốc Độ và {1}% Tấn Công. Tăng thêm {2}% hiệu quả cho các kỹ năng Cường Hóa và Hỗ Trợ.
A26: psv_moonlit_firefly | B26: ATK | C26: Percent | D26: 10.0, 12.0, 14.0, 17.0, 20.0, 25.0 | E26: Tăng {0}% Tốc Độ và {1}% Tấn Công. Tăng thêm {2}% hiệu quả cho các kỹ năng Cường Hóa và Hỗ Trợ.
A27: psv_wings_of_phoenix | B27: HP | C27: Percent | D27: 15.0, 18.0, 21.0, 25.0, 30.0, 40.0 | E27: Tăng {0}% HP và {1}% Phòng Thủ. Tăng thêm {2}% hiệu quả cho các kỹ năng Hồi Máu.
A28: psv_wings_of_phoenix | B28: DEF | C28: Percent | D28: 10.0, 12.0, 14.0, 17.0, 20.0, 25.0 | E28: Tăng {0}% HP và {1}% Phòng Thủ. Tăng thêm {2}% hiệu quả cho các kỹ năng Hồi Máu.
A29: psv_thirddragon_major | B29: ATK | C29: Percent | D29: 10, 15, 20, 25, 30, 35 | E29: Tăng {0}% ATK

Sheet CombatEvents
A1: passive_id | B1: event_type | C1: effect_id | D1: modify_by_upgrade | E1: condition_filter | F1: effect_param | G1: internal_cooldown | H1: target | I1: Note
A2: psv_nimbus_cudgel | B2: OnAfterDealDamage | C2: Eff_Action_Point_Boost | D2: 20, 25, 30, 35, 40, 50 | E2: SingleTarget, TargetDead | F2: 0 | H2: self | I2: Tấn công và phòng thủ tăng {0}%. Sau khi tấn công đơn, nếu đánh bại mục tiêu thì điểm hành động tăng {1}%.
A3: psv_triple_edged_blade | B3: OnAfterDealDamage | C3: Eff_Reduce_Cooldown | D3: 100.0, 100.0, 100.0, 100.0, 100.0, 100.0 | E3: IsSkill, SingleTarget, TargetDead | F3: 1 | G3: 0 | H3: self | I3: Tăng {0}% Sát Thương Bạo Kích và {1}% Tấn Công. Sau khi thi triển kỹ năng tấn công đơn đánh bại mục tiêu, có {2}% xác suất hiệp hồi chiêu kỹ năng của bản thân -1.
A4: psv_ninefold_staff | B4: OnSkillStart | C4: Eff_Buff_Enhance | D4: 30.0, 35.0, 40.0, 45.0, 50.0, 60.0 | E4: None | F4: 0 | G4: 0 | H4: self | I4: Tăng {0}% Tốc Độ. Tăng thêm {1}% hiệu quả cho các kỹ năng Cường Hóa và Hỗ Trợ.
A5: psv_reincarnation | B5: OnBeforeDealDamage | C5: Eff_IncreaseAttack | D5: 10.0, 13.0, 16.0, 19.0, 22.0, 25.0 | E5: SingleTarget | F5: 0 | G5: 0 | H5: self | I5: Tấn công tăng {0}%. Đòn tấn công đơn mục tiêu gây thêm {1}% Sát thương.
A6: psv_sunwukong_major | B6: OnAfterDealDamage | C6: Eff_Lifesteal | D6: 20, 25, 30, 30, 30, 30 | E6: MajorSkill | F6: 0 | G6: 0 | H6: self | I6: Kỹ năng Major hút máu 25%
A7: psv_erlangshen_major | B7: OnBeforeDealDamage | C7: Eff_IncreaseCritDmg | D7: 60, 80, 100, 100, 100, 100 | E7: MajorSkill | F7: 0 | G7: 0 | H7: self | I7: Kỹ năng Major tăng 100% Crit DMG
A8: psv_lijing_base | B8: OnAfterDealDamage | C8: Eff_AddShield | D8: 5, 5, 5, 5, 5, 5 | E8: BasicAttack | F8: 5 | G8: 0 | H8: self | I8: Đánh thường nhận khiên 5% Max HP (max 5 tầng)
A9: psv_lijing_ultimate | B9: OnBeforeDealDamage | C9: Eff_HPScalingDamage | D9: 30, 30, 30, 30, 30, 30 | E9: UltimateSkill | F9: 0 | G9: 0 | H9: self | I9: Tuyệt kỹ nộ tăng 30% Max HP vào Base Damage
A10: psv_erlangshen_ultimate | B10: OnBeforeDealDamage | C10: Eff_ArmorPenetration | D10: 30, 30, 30, 30, 30, 30 | E10: UltimateSkill | F10: 0 | G10: 0 | H10: self | I10: Tuyệt kỹ tăng 30% Xuyên Giáp
A11: psv_sunwukong_ultiamte | B11: OnAfterDealDamage | C11: Eff_ReduceDefense | D11: 15, 20, 25, 25, 25, 25 | E11: UltimateSkill | F11: 0 | G11: 0 | H11: enemy | I11: Tuyệt kỹ giảm 25% DEF mục tiêu
A12: psv_bulldemonking_counter | B12: OnTakeDamage | C12: Eff_CounterAttack | D12: 50, 75, 100, 100, 100, 100 | E12: BasicAttack | F12: 100 | G12: 0 | H12: enemy | I12: Có 50%, 75%, 100% cơ hội phản kích khi bị đánh thường, gây 100% ATK
A13: psv_ferrous_chaos | B13: OnBeforeDealDamage | C13: Eff_IncreaseAttack | D13: 16, 16, 16, 16, 16, 16 | E13: IsSkill, HP_Above_50 | F13: 0 | G13: 0 | H13: self | I13: Trạng thái Áp Đảo (HP > 50%) tăng 16% Sát thương Kỹ năng
A14: psv_ferrous_chaos | B14: OnAfterDealDamage | C14: Eff_Lifesteal | D14: 16, 16, 16, 16, 16, 16 | E14: HP_BelowOrEqual_50 | F14: 0 | G14: 0 | H14: self | I14: Trạng thái Huyết Chiến (HP ≤ 50%) nhận 16% Hút Máu
... A19: psv_vanguard_of_volition | B19: OnAfterSkillExecute | C19: Eff_FollowUp_BasicAttack | D19: 50.0, 60.0, 70.0, 80.0, 90.0, 100.0 | E19: SingleTarget, TargetAlive | F19: 0 | G19: 0 | H19: self | I19: Tăng {0}% Sát Thương Bạo Kích và {1}% Tấn Công. Khi gây sát thương Bạo Kích, tăng {2}% Điểm Hành Động của bản thân. Sau khi tấn công đơn mục tiêu, nếu mục tiêu còn sống, có {3}% xác suất lập tức tung đòn Đánh Thường để truy kích.
A20: psv_nimbus_cloud | B20: OnTurnStart | C20: Eff_Action_Point_Boost | D20: 10.0, 12.0, 14.0, 16.0, 18.0, 20.0 | F20: 0 | G20: 0 | H20: self | I20: Tăng {0}% Tốc Độ và {1}% Tấn Công. Khi bắt đầu lượt, tăng {2}% Điểm Hành Động của bản thân.
A21: psv_plantain_fan | B21: OnAfterDealDamage | C21: Eff_ReduceDefense | D21: 15.0, 18.0, 21.0, 24.0, 27.0, 30.0 | E21: IsSkill | F21: 60 | G21: 0 | H21: enemy | I21: Tăng {0}% Sát Thương Bạo Kích và {1}% Tấn Công. Đòn tấn công kỹ năng có 60% xác suất giảm {2}% Phòng Thủ của mục tiêu trong 2 hiệp và gây thêm {3}% Sát Thương lên kẻ địch đang chịu hiệu ứng bất lợi.
A22: psv_plantain_fan | B22: OnBeforeDealDamage | C22: Eff_DamageBonus | D22: 15.0, 18.0, 21.0, 24.0, 27.0, 30.0 | E22: TargetHasDebuff | F22: 0 | G22: 0 | H22: self | I22: Tăng {0}% Sát Thương Bạo Kích và {1}% Tấn Công. Đòn tấn công kỹ năng có 60% xác suất giảm {2}% Phòng Thủ của mục tiêu trong 2 hiệp và gây thêm {3}% Sát Thương lên kẻ địch đang chịu hiệu ứng bất lợi.
A23: psv_moonlit_firefly | B23: OnBeforeDealDamage | C23: Eff_Buff_Enhance | D23: 40.0, 50.0, 60.0, 70.0, 80.0, 100.0 | E23: None | F23: 0 | G23: 0 | H23: self | I23: Tăng {0}% Tốc Độ và {1}% Tấn Công. Tăng thêm {2}% hiệu quả cho các kỹ năng Cường Hóa và Hỗ Trợ.
A24: psv_wings_of_phoenix | B24: OnBeforeDealDamage | C24: Eff_Buff_Enhance | D24: 30.0, 40.0, 50.0, 60.0, 70.0, 80.0 | E24: None | F24: 0 | G24: 0 | H24: self | I24: Tăng {0}% HP và {1}% Phòng Thủ. Tăng thêm {2}% hiệu quả cho các kỹ năng Hồi Máu.
A25: psv_thirddragon_major | B25: OnAfterDealDamage | C25: EFF_DefSpd_def | D25: -20, -25, -30, -35, -40, -50 | E25: MajorSkill | F25: 0 | H25: target | I25: Làm giảm tốc độ kẻ địch
A26: psv_theboysage_ultimate | B26: OnBeforeDealDamage | C26: Eff_ArmorPenetration | D26: 30, 30, 30, 30, 30, 30 | E26: UltimateSkill | F26: 0 | G26: 0 | H26: self | I26: Tuyệt kỹ bỏ qua 30% Phòng Thủ của mục tiêu

Sheet EffectConfig
A1: ID | B1: Name | C1: Des | D1: Type | E1: TargetStat | F1: ModifyType | G1: Duration | H1: Value | I1: MaxStack
A2: EFF_Posion_def | B2: EFF_POSION_NAME | C2: EFF_POSION_DES | D2: Poison | E2: None | F2: None | G2: 3 | H2: 5 | I2: 1
A3: EFF_Stun_def | B3: DEBUFF_STUN_NAME | C3: DEBUFF_STUN_DES | D3: Stun | E3: None | F3: None | G3: 1 | H3: 100 | I3: 1
A4: EFF_BufATK_def | B4: BUFF_ATTACK_NAME | C4: BUFF_ATTACK_DES | D4: StatBuff | E4: ATK | F4: Flat | G4: 3 | H4: 600 | I4: 1
A5: EFF_BufDEF_def | B5: BUFF_DEF_NAME | C5: BUFF_DEF_DES | D5: StatBuff | E5: DEF | F5: Percent | G5: 2 | H5: 20 | I5: 1
A6: EFF_BufSpd_def | B6: BUFF_SPEED_NAME | C6: BUFF_SPEED_DES | D6: StatBuff | E6: SPEED | F6: Percent | G6: 2 | H6: 20 | I6: 1
A7: EFF_DefSpd_def | B7: DEBUFF_SPEED_NAME | C7: DEBUFF_SPEED_DES | D7: StatDebuff | E7: SPEED | F7: Percent | G7: 2 | H7: -20 | I7: 1
A8: EFF_ResetDef | B8: RESIST_DEBUFF_NAME | C8: RESIST_DEBUFF_DES | D8: ResetDebuff | E8: None | F8: None | G8: 1 | H8: 0 | I8: 1
A9: EFF_Frozen_def | B9: DEBUFF_FRONZEN_NAME | C9: DEBUFF_FRONZEN_DES | D9: Frozen | E9: None | F9: None | G9: 2 | H9: 100 | I9: 1
A10: EFF_Bull_Buff_ATK | B10: BUFF_ATTACK_NAME | C10: BUFF_ATTACK_DES | D10: StatBuff | E10: ATK | F10: Percent | G10: 3 | H10: 30 | I10: 1
A11: EFF_Bull_Poison | B11: EFF_POSION_NAME | C11: EFF_POSION_DES | D11: Poison | E11: None | F11: Percent | G11: 3 | H11: 8 | I11: 1
A12: EFF_Zhu_DefShred | B12: DEBUFF_DEF_NAME | C12: DEBUFF_DEF_DES | D12: StatDebuff | E12: DEF | F12: Percent | G12: 2 | H12: -20 | I12: 1
A13: EFF_Sha_Buff_DEF | B13: BUFF_DEF_NAME | C13: BUFF_DEF_DES | D13: StatBuff | E13: DEF | F13: Percent | G13: 2 | H13: 25 | I13: 1
... A17: EFF_Burn_def | B17: EFF_BURN_NAME | C17: EFF_BURN_DES | D17: Burn | E17: None | F17: Percent | G17: 2 | H17: 8 | I17: 3

Sheet Armor
A1: ID | B1: Part | C1: SetArmor | D1: Rare | E1: main_stat_type | F1: main_stat_valuie | G1: modifier_type | H1: substat_pool_id
A2: Armor01_Helmet | B2: Helmet | C2: Armor01 | D2: Legendary | E2: hp | F2: 500 | G2: Flat | H2: Warrior_Pool
A3: Armor02_Helmet | B3: Helmet | C3: Armor02 | D3: Rare | E3: hp | F3: 500 | G3: Flat | H3: Warrior_Pool
A4: Armor03_Helmet | B4: Helmet | C4: Armor03 | D4: Uncommon | E4: hp | F4: 500 | G4: Flat | H4: Tanker_Pool
A5: Armor04_Helmet | B5: Helmet | C5: Armor04 | D5: Epic | E5: hp | F5: 500 | G5: Flat | H5: Tanker_Pool
A6: Armor05_Helmet | B6: Helmet | C6: Armor05 | D6: Common | E6: hp | F6: 500 | G6: Flat | H6: Warrior_Pool
A7: Armor06_Helmet | B7: Helmet | C7: Armor06 | D7: Epic | E7: hp | F7: 500 | G7: Flat | H7: Assassin_Pool
A8: Armor07_Helmet | B8: Helmet | C8: Armor07 | D8: Legendary | E8: hp | F8: 500 | G8: Flat | H8: Assassin_Pool
A9: Armor08_Helmet | B9: Helmet | C9: Armor08 | D9: Legendary | E9: hp | F9: 500 | G9: Flat | H9: Warrior_Pool
A10: Armor01_Chestplate | B10: Chestplate | C10: Armor01 | D10: Legendary | E10: def | F10: 40 | G10: Flat | H10: Warrior_Pool
A11: Armor02_Chestplate | B11: Chestplate | C11: Armor02 | D11: Rare | E11: def | F11: 40 | G11: Flat | H11: Warrior_Pool
A12: Armor03_Chestplate | B12: Chestplate | C12: Armor03 | D12: Uncommon | E12: def | F12: 40 | G12: Flat | H12: Tanker_Pool
A13: Armor04_Chestplate | B13: Chestplate | C13: Armor04 | D13: Epic | E13: def | F13: 40 | G13: Flat | H13: Tanker_Pool
... A33: Armor08_Boots | B33: Boots | C33: Armor08 | D33: Legendary | E33: speed | F33: 3 | G33: Flat | H33: Warrior_Pool
A34: Armor01_Belt | B34: Belt | C34: Armor01 | D34: Legendary | E34: hp | F34: 3.5 | G34: Percent | H34: Warrior_Pool
A35: Armor02_Belt | B35: Belt | C35: Armor02 | D35: Rare | E35: hp | F35: 3.5 | G35: Percent | H35: Warrior_Pool
A36: Armor03_Belt | B36: Belt | C36: Armor03 | D36: Uncommon | E36: hp | F36: 3.5 | G36: Percent | H36: Tanker_Pool
A37: Armor04_Belt | B37: Belt | C37: Armor04 | D37: Epic | E37: hp | F37: 3.5 | G37: Percent | H37: Tanker_Pool
A38: Armor05_Belt | B38: Belt | C38: Armor05 | D38: Common | E38: hp | F38: 3.5 | G38: Percent | H38: Warrior_Pool
A39: Armor06_Belt | B39: Belt | C39: Armor06 | D39: Epic | E39: hp | F39: 3.5 | G39: Percent | H39: Assassin_Pool
A40: Armor07_Belt | B40: Belt | C40: Armor07 | D40: Legendary | E40: hp | F40: 3.5 | G40: Percent | H40: Assassin_Pool
A41: Armor08_Belt | B41: Belt | C41: Armor08 | D41: Legendary | E41: hp | F41: 3.5 | G41: Percent | H41: Warrior_Pool
A42: Armor01_Ring | B42: Ring | C42: Armor01 | D42: Legendary | E42: crit_rate | F42: 5 | G42: Flat | H42: Warrior_Pool
A43: Armor02_Ring | B43: Ring | C43: Armor02 | D43: Rare | E43: crit_rate | F43: 5 | G43: Flat | H43: Warrior_Pool
A44: Armor03_Ring | B44: Ring | C44: Armor03 | D44: Uncommon | E44: crit_rate | F44: 5 | G44: Flat | H44: Tanker_Pool
A45: Armor04_Ring | B45: Ring | C45: Armor04 | D45: Epic | E45: crit_rate | F45: 5 | G45: Flat | H45: Tanker_Pool
A46: Armor05_Ring | B46: Ring | C46: Armor05 | D46: Common | E46: crit_rate | F46: 5 | G46: Flat | H46: Warrior_Pool
A47: Armor06_Ring | B47: Ring | C47: Armor06 | D47: Epic | E47: crit_rate | F47: 5 | G47: Flat | H47: Assassin_Pool
A48: Armor07_Ring | B48: Ring | C48: Armor07 | D48: Legendary | E48: crit_rate | F48: 5 | G48: Flat | H48: Assassin_Pool
A49: Armor08_Ring | B49: Ring | C49: Armor08 | D49: Legendary | E49: crit_rate | F49: 5 | G49: Flat | H49: Warrior_Pool

Sheet SubstatPool
A1: ID | B1: StatType | C1: Min | D1: Max | E1: Modifier_Type | F1: Weight
A2: Warrior_Pool | B2: HP | C2: 100 | D2: 500 | E2: Flat | F2: 100
A3: Warrior_Pool | B3: ATK | C3: 15 | D3: 75 | E3: Flat | F3: 100
A4: Warrior_Pool | B4: DEF | C4: 10 | D4: 50 | E4: Flat | F4: 100
A5: Warrior_Pool | B5: HP | C5: 2 | D5: 6 | E5: Percent | F5: 60
A6: Warrior_Pool | B6: ATK | C6: 2 | D6: 6 | E6: Percent | F6: 60
A7: Warrior_Pool | B7: DEF | C7: 2 | D7: 6 | E7: Percent | F7: 60
A8: Warrior_Pool | B8: PENETRATION | C8: 0.8 | D8: 2 | E8: Percent | F8: 75
A9: Warrior_Pool | B9: CRIT_RATE | C9: 2 | D9: 5 | E9: Percent | F9: 35
A10: Warrior_Pool | B10: CRIT_DMG | C10: 5 | D10: 12 | E10: Percent | F10: 30
A11: Warrior_Pool | B11: DEF_SHRED | C11: 8 | D11: 24 | E11: Flat | F11: 25
A12: Warrior_Pool | B12: SPEED | C12: 1 | D12: 4 | E12: Flat | F12: 25
A13: Warrior_Pool | B13: CRIT_DMG_RES | C13: 2 | D13: 5 | E13: Percent | F13: 20
... A26: Assassin_Pool | B26: SPEED | C26: 2 | D26: 5 | E26: Flat | F26: 35

Sheet SetBonusConfig
A1: ID | B1: Name | C1: Pieces_Required | D1: Bonus_Stat_Type | E1: Bonus_Value | F1: Modifier_Type
A2: Armor01 | B2: STR_ARMOR_01 | C2: 6 | D2: atk, crit_dmg | E2: 20, 15 | F2: Percent, Percent
A3: Armor02 | B3: STR_ARMOR_02 | C3: 6 | D3: speed, hp | E3: 10, 10 | F3: Percent, Percent
A4: Armor03 | B4: STR_ARMOR_03 | C4: 6 | D4: hp | E4: 20 | F4: Percent
A5: Armor04 | B5: STR_ARMOR_04 | C5: 6 | D5: hp, def | E5: 10, 10 | F5: Percent, Percent
A6: Armor05 | B6: STR_ARMOR_05 | C6: 6 | D6: atk, hp | E6: 8, 8 | F6: Percent, Percent
A7: Armor06 | B7: STR_ARMOR_06 | C7: 6 | D7: atk, crit_dmg | E7: 15, 15 | F7: Percent, Percent
A8: Armor07 | B8: STR_ARMOR_07 | C8: 6 | D8: crit_rate, crit_dmg | E8: 10, 20 | F8: Percent, Percent
A9: Armor08 | B9: STR_ARMOR_08 | C9: 6 | D9: atk, penetration | E9: 12, 10 | F9: Percent, Percent

Sheet Character
A1: ID | B1: Name | C1: Rare | D1: Type | E1: Class | F1: Base | G1: Major | H1: Ultimate
A2: SunWukong | B2: STR_SUN_WUKONG | C2: UR | D2: Fighter | E2: Character | F2: SunWukong_B | G2: SunWukong_M | H2: SunWukong_U
A3: TangSanZang | B3: STR_TANG_SANZANG | C3: R | D3: Mage | E3: Character | F3: TangSanZang_B | G3: TangSanZang_M | H3: TangSanZang_U
A4: ZhuBaJie | B4: STR_ZHU_BAIJE | C4: SR | D4: Tanker | E4: Character | F4: ZhuBaJie_B | G4: ZhuBaJie_M | H4: ZhuBaJie_U
A5: ShaWujing | B5: STR_SHA_WUJING | C5: SR | D5: Tanker | E5: Character | F5: ShaWujing_B | G5: ShaWujing_M | H5: ShaWujing_U
A6: DragonKing | B6: STR_DRAGON_KING_EATERN_SEA | C6: SR | D6: Support | E6: Character | F6: DragonKing_B | G6: DragonKing_M | H6: DragonKing_U
A7: ThirdPrinceNezha | B7: STR_THIRD_PRINCE_NEZHA | C7: SSR | D7: Assassin | E7: Character | F7: ThirdPrinceNezha_B | G7: ThirdPrinceNezha_M | H7: ThirdPrinceNezha_U
A8: LittleWhiteDragon | B8: STR_LITTLE_WHITE_DRAGON | C8: R | D8: ADCarry | E8: Character | F8: LittleWhiteDragon_B | G8: LittleWhiteDragon_M | H8: LittleWhiteDragon_U
A9: BullDemonKing | B9: STR_BULL_DEMON_KING | C9: SSR | D9: Tanker | E9: Character | F9: BullDemonKing_B | G9: BullDemonKing_M | H9: BullDemonKing_U
A10: ErlangShen | B10: STR_ERLANG_SHEN_YANG_JIAN | C10: UR | D10: Fighter | E10: Character | F10: ErlangShen_B | G10: ErlangShen_M | H10: ErlangShen_U
A11: GuanyinBodhisattva | B11: STR_GUANYIN_BODHISATTVA | C11: UR | D11: Mage | E11: Character | F11: GuanyinBodhisattva_B | G11: GuanyinBodhisattva_M | H11: GuanyinBodhisattva_U
A12: VanguardTiger | B12: STR_VANGUARD_TIGER | C12: R | D12: Fighter | E12: Boss | F12: VanguardTiger_B | G12: None_Skill | H12: None_Skill
... A32: ThirdDragonPrince | B32: STR_THIRD_DRAGON_PRINCE | C32: UR | D32: Fighter | E32: Boss | F32: ThirdDragonPrince_B | G32: ThirdDragonPrince_M | H32: ThirdDragonPrince_U

Sheet CharacterStat
A1: ID | B1: Rare | C1: Type | D1: Class | E1: Stat_Bias | F1: hp | G1: atk | H1: def | I1: speed | J1: def_shred | K1: crit_rare | L1: crit_dmg | M1: penetration | N1: crit_dmg_res
A2: SunWukong | B2: =Character!C2 -> UR | C2: =Character!D2 -> Fighter | D2: =Character!E2 -> Character | E2: Offensive | F2: =ROUND(VLOOKUP(C2, Stat_Matrix!$E$2:$N$7, 2, FALSE) * VLOOKUP(B2, Stat_Matrix!$A$2:$B$5, 2, FALSE) * VLOOKUP(IF(ISBLANK(D2), "Character", D2), Stat_Matrix!$AA$2:$AD$4, 2, FALSE) * VLOOKUP(IF(ISBLANK(E2), "Balanced", E2), Stat_Matrix!$AG$2:$AP$6, 2, FALSE), 0) -> 4441 | G2: =ROUND(VLOOKUP(C2, Stat_Matrix!$E$2:$N$7, 3, FALSE) * VLOOKUP(B2, Stat_Matrix!$A$2:$B$5, 2, FALSE) * VLOOKUP(IF(ISBLANK(D2), "Character", D2), Stat_Matrix!$AA$2:$AD$4, 3, FALSE) * VLOOKUP(IF(ISBLANK(E2), "Balanced", E2), Stat_Matrix!$AG$2:$AP$6, 3, FALSE), 0) -> 3086 | H2: =ROUND(VLOOKUP(C2, Stat_Matrix!$E$2:$N$7, 4, FALSE) * VLOOKUP(B2, Stat_Matrix!$A$2:$B$5, 2, FALSE) * VLOOKUP(IF(ISBLANK(D2), "Character", D2), Stat_Matrix!$AA$2:$AD$4, 4, FALSE) * VLOOKUP(IF(ISBLANK(E2), "Balanced", E2), Stat_Matrix!$AG$2:$AP$6, 4, FALSE), 0) -> 444 | I2: =VLOOKUP(C2, Stat_Matrix!$E$2:$N$7, 5, FALSE) + (VLOOKUP(B2, Stat_Matrix!$A$2:$C$5, 3, FALSE) * VLOOKUP(C2, Stat_Matrix!$P$2:$Y$7, 5, FALSE)) + VLOOKUP(IF(ISBLANK(E2), "Balanced", E2), Stat_Matrix!$AG$2:$AP$6, 5, FALSE) -> 96 | J2: =VLOOKUP(C2, Stat_Matrix!$E$2:$N$7, 8, FALSE) + (VLOOKUP(B2, Stat_Matrix!$A$2:$C$5, 3, FALSE) * VLOOKUP(C2, Stat_Matrix!$P$2:$Y$7, 8, FALSE)) + VLOOKUP(IF(ISBLANK(E2), "Balanced", E2), Stat_Matrix!$AG$2:$AP$6, 8, FALSE) -> 16 | K2: =VLOOKUP(C2, Stat_Matrix!$E$2:$N$7, 6, FALSE) + (VLOOKUP(B2, Stat_Matrix!$A$2:$C$5, 3, FALSE) * VLOOKUP(C2, Stat_Matrix!$P$2:$Y$7, 6, FALSE)) + VLOOKUP(IF(ISBLANK(E2), "Balanced", E2), Stat_Matrix!$AG$2:$AP$6, 6, FALSE) -> 10 | L2: =VLOOKUP(C2, Stat_Matrix!$E$2:$N$7, 7, FALSE) + (VLOOKUP(B2, Stat_Matrix!$A$2:$C$5, 3, FALSE) * VLOOKUP(C2, Stat_Matrix!$P$2:$Y$7, 7, FALSE)) + VLOOKUP(IF(ISBLANK(E2), "Balanced", E2), Stat_Matrix!$AG$2:$AP$6, 7, FALSE) -> 22 | M2: =VLOOKUP(C2, Stat_Matrix!$E$2:$N$7, 9, FALSE) + (VLOOKUP(B2, Stat_Matrix!$A$2:$C$5, 3, FALSE) * VLOOKUP(C2, Stat_Matrix!$P$2:$Y$7, 9, FALSE)) + VLOOKUP(IF(ISBLANK(E2), "Balanced", E2), Stat_Matrix!$AG$2:$AP$6, 9, FALSE) -> 5 | N2: =VLOOKUP(C2, Stat_Matrix!$E$2:$N$7, 10, FALSE) + (VLOOKUP(B2, Stat_Matrix!$A$2:$C$5, 3, FALSE) * VLOOKUP(C2, Stat_Matrix!$P$2:$Y$7, 10, FALSE) + VLOOKUP(IF(ISBLANK(D2), "Character", D2), Stat_Matrix!$AA$2:$AE$4, 5, FALSE) + VLOOKUP(IF(ISBLANK(E2), "Balanced", E2), Stat_Matrix!$AG$2:$AP$6, 10, FALSE)) -> 0
A3: TangSanZang | B3: =Character!C3 -> R | C3: =Character!D3 -> Mage | D3: =Character!E3 -> Character | E3: Balanced | F3: =ROUND(VLOOKUP(C3, Stat_Matrix!$E$2:$N$7, 2, FALSE) * VLOOKUP(B3, Stat_Matrix!$A$2:$B$5, 2, FALSE) * VLOOKUP(IF(ISBLANK(D3), "Character", D3), Stat_Matrix!$AA$2:$AD$4, 2, FALSE) * VLOOKUP(IF(ISBLANK(E3), "Balanced", E3), Stat_Matrix!$AG$2:$AP$6, 2, FALSE), 0) -> 2250 | G3: =ROUND(VLOOKUP(C3, Stat_Matrix!$E$2:$N$7, 3, FALSE) * VLOOKUP(B3, Stat_Matrix!$A$2:$B$5, 2, FALSE) * VLOOKUP(IF(ISBLANK(D3), "Character", D3), Stat_Matrix!$AA$2:$AD$4, 3, FALSE) * VLOOKUP(IF(ISBLANK(E3), "Balanced", E3), Stat_Matrix!$AG$2:$AP$6, 3, FALSE), 0) -> 2100 | H3: =ROUND(VLOOKUP(C3, Stat_Matrix!$E$2:$N$7, 4, FALSE) * VLOOKUP(B3, Stat_Matrix!$A$2:$B$5, 2, FALSE) * VLOOKUP(IF(ISBLANK(D3), "Character", D3), Stat_Matrix!$AA$2:$AD$4, 4, FALSE) * VLOOKUP(IF(ISBLANK(E3), "Balanced", E3), Stat_Matrix!$AG$2:$AP$6, 4, FALSE), 0) -> 210 | I3: =VLOOKUP(C3, Stat_Matrix!$E$2:$N$7, 5, FALSE) + (VLOOKUP(B3, Stat_Matrix!$A$2:$C$5, 3, FALSE) * VLOOKUP(C3, Stat_Matrix!$P$2:$Y$7, 5, FALSE)) + VLOOKUP(IF(ISBLANK(E3), "Balanced", E3), Stat_Matrix!$AG$2:$AP$6, 5, FALSE) -> 95 | J3: =VLOOKUP(C3, Stat_Matrix!$E$2:$N$7, 8, FALSE) + (VLOOKUP(B3, Stat_Matrix!$A$2:$C$5, 3, FALSE) * VLOOKUP(C3, Stat_Matrix!$P$2:$Y$7, 8, FALSE)) + VLOOKUP(IF(ISBLANK(E3), "Balanced", E3), Stat_Matrix!$AG$2:$AP$6, 8, FALSE) -> 0 | K3: =VLOOKUP(C3, Stat_Matrix!$E$2:$N$7, 6, FALSE) + (VLOOKUP(B3, Stat_Matrix!$A$2:$C$5, 3, FALSE) * VLOOKUP(C3, Stat_Matrix!$P$2:$Y$7, 6, FALSE)) + VLOOKUP(IF(ISBLANK(E3), "Balanced", E3), Stat_Matrix!$AG$2:$AP$6, 6, FALSE) -> 5 | L3: =VLOOKUP(C3, Stat_Matrix!$E$2:$N$7, 7, FALSE) + (VLOOKUP(B3, Stat_Matrix!$A$2:$C$5, 3, FALSE) * VLOOKUP(C3, Stat_Matrix!$P$2:$Y$7, 7, FALSE)) + VLOOKUP(IF(ISBLANK(E3), "Balanced", E3), Stat_Matrix!$AG$2:$AP$6, 7, FALSE) -> 10 | M3: =VLOOKUP(C3, Stat_Matrix!$E$2:$N$7, 9, FALSE) + (VLOOKUP(B3, Stat_Matrix!$A$2:$C$5, 3, FALSE) * VLOOKUP(C3, Stat_Matrix!$P$2:$Y$7, 9, FALSE)) + VLOOKUP(IF(ISBLANK(E3), "Balanced", E3), Stat_Matrix!$AG$2:$AP$6, 9, FALSE) -> 5 | N3: =VLOOKUP(C3, Stat_Matrix!$E$2:$N$7, 10, FALSE) + (VLOOKUP(B3, Stat_Matrix!$A$2:$C$5, 3, FALSE) * VLOOKUP(C3, Stat_Matrix!$P$2:$Y$7, 10, FALSE) + VLOOKUP(IF(ISBLANK(D3), "Character", D3), Stat_Matrix!$AA$2:$AE$4, 5, FALSE) + VLOOKUP(IF(ISBLANK(E3), "Balanced", E3), Stat_Matrix!$AG$2:$AP$6, 10, FALSE)) -> 0
A4: ZhuBaJie | B4: =Character!C4 -> SR | C4: =Character!D4 -> Tanker | D4: =Character!E4 -> Character | E4: Balanced | F4: =ROUND(VLOOKUP(C4, Stat_Matrix!$E$2:$N$7, 2, FALSE) * VLOOKUP(B4, Stat_Matrix!$A$2:$B$5, 2, FALSE) * VLOOKUP(IF(ISBLANK(D4), "Character", D4), Stat_Matrix!$AA$2:$AD$4, 2, FALSE) * VLOOKUP(IF(ISBLANK(E4), "Balanced", E4), Stat_Matrix!$AG$2:$AP$6, 2, FALSE), 0) -> 4800 | G4: =ROUND(VLOOKUP(C4, Stat_Matrix!$E$2:$N$7, 3, FALSE) * VLOOKUP(B4, Stat_Matrix!$A$2:$B$5, 2, FALSE) * VLOOKUP(IF(ISBLANK(D4), "Character", D4), Stat_Matrix!$AA$2:$AD$4, 3, FALSE) * VLOOKUP(IF(ISBLANK(E4), "Balanced", E4), Stat_Matrix!$AG$2:$AP$6, 3, FALSE), 0) -> 1080 | H4: =ROUND(VLOOKUP(C4, Stat_Matrix!$E$2:$N$7, 4, FALSE) * VLOOKUP(B4, Stat_Matrix!$A$2:$B$5, 2, FALSE) * VLOOKUP(IF(ISBLANK(D4), "Character", D4), Stat_Matrix!$AA$2:$AD$4, 4, FALSE) * VLOOKUP(IF(ISBLANK(E4), "Balanced", E4), Stat_Matrix!$AG$2:$AP$6, 4, FALSE), 0) -> 450 | I4: =VLOOKUP(C4, Stat_Matrix!$E$2:$N$7, 5, FALSE) + (VLOOKUP(B4, Stat_Matrix!$A$2:$C$5, 3, FALSE) * VLOOKUP(C4, Stat_Matrix!$P$2:$Y$7, 5, FALSE)) + VLOOKUP(IF(ISBLANK(E4), "Balanced", E4), Stat_Matrix!$AG$2:$AP$6, 5, FALSE) -> 82 | J4: =VLOOKUP(C4, Stat_Matrix!$E$2:$N$7, 8, FALSE) + (VLOOKUP(B4, Stat_Matrix!$A$2:$C$5, 3, FALSE) * VLOOKUP(C4, Stat_Matrix!$P$2:$Y$7, 8, FALSE)) + VLOOKUP(IF(ISBLANK(E4), "Balanced", E4), Stat_Matrix!$AG$2:$AP$6, 8, FALSE) -> 0 | K4: =VLOOKUP(C4, Stat_Matrix!$E$2:$N$7, 6, FALSE) + (VLOOKUP(B4, Stat_Matrix!$A$2:$C$5, 3, FALSE) * VLOOKUP(C4, Stat_Matrix!$P$2:$Y$7, 6, FALSE)) + VLOOKUP(IF(ISBLANK(E4), "Balanced", E4), Stat_Matrix!$AG$2:$AP$6, 6, FALSE) -> 5 | L4: =VLOOKUP(C4, Stat_Matrix!$E$2:$N$7, 7, FALSE) + (VLOOKUP(B4, Stat_Matrix!$A$2:$C$5, 3, FALSE) * VLOOKUP(C4, Stat_Matrix!$P$2:$Y$7, 7, FALSE)) + VLOOKUP(IF(ISBLANK(E4), "Balanced", E4), Stat_Matrix!$AG$2:$AP$6, 7, FALSE) -> 0 | M4: =VLOOKUP(C4, Stat_Matrix!$E$2:$N$7, 9, FALSE) + (VLOOKUP(B4, Stat_Matrix!$A$2:$C$5, 3, FALSE) * VLOOKUP(C4, Stat_Matrix!$P$2:$Y$7, 9, FALSE)) + VLOOKUP(IF(ISBLANK(E4), "Balanced", E4), Stat_Matrix!$AG$2:$AP$6, 9, FALSE) -> 0 | N4: =VLOOKUP(C4, Stat_Matrix!$E$2:$N$7, 10, FALSE) + (VLOOKUP(B4, Stat_Matrix!$A$2:$C$5, 3, FALSE) * VLOOKUP(C4, Stat_Matrix!$P$2:$Y$7, 10, FALSE) + VLOOKUP(IF(ISBLANK(D4), "Character", D4), Stat_Matrix!$AA$2:$AE$4, 5, FALSE) + VLOOKUP(IF(ISBLANK(E4), "Balanced", E4), Stat_Matrix!$AG$2:$AP$6, 10, FALSE)) -> 7
A5: ShaWujing | B5: =Character!C5 -> SR | C5: =Character!D5 -> Tanker | D5: =Character!E5 -> Character | E5: Defensive | F5: =ROUND(VLOOKUP(C5, Stat_Matrix!$E$2:$N$7, 2, FALSE) * VLOOKUP(B5, Stat_Matrix!$A$2:$B$5, 2, FALSE) * VLOOKUP(IF(ISBLANK(D5), "Character", D5), Stat_Matrix!$AA$2:$AD$4, 2, FALSE) * VLOOKUP(IF(ISBLANK(E5), "Balanced", E5), Stat_Matrix!$AG$2:$AP$6, 2, FALSE), 0) -> 5520 | G5: =ROUND(VLOOKUP(C5, Stat_Matrix!$E$2:$N$7, 3, FALSE) * VLOOKUP(B5, Stat_Matrix!$A$2:$B$5, 2, FALSE) * VLOOKUP(IF(ISBLANK(D5), "Character", D5), Stat_Matrix!$AA$2:$AD$4, 3, FALSE) * VLOOKUP(IF(ISBLANK(E5), "Balanced", E5), Stat_Matrix!$AG$2:$AP$6, 3, FALSE), 0) -> 972 | H5: =ROUND(VLOOKUP(C5, Stat_Matrix!$E$2:$N$7, 4, FALSE) * VLOOKUP(B5, Stat_Matrix!$A$2:$B$5, 2, FALSE) * VLOOKUP(IF(ISBLANK(D5), "Character", D5), Stat_Matrix!$AA$2:$AD$4, 4, FALSE) * VLOOKUP(IF(ISBLANK(E5), "Balanced", E5), Stat_Matrix!$AG$2:$AP$6, 4, FALSE), 0) -> 495 | I5: =VLOOKUP(C5, Stat_Matrix!$E$2:$N$7, 5, FALSE) + (VLOOKUP(B5, Stat_Matrix!$A$2:$C$5, 3, FALSE) * VLOOKUP(C5, Stat_Matrix!$P$2:$Y$7, 5, FALSE)) + VLOOKUP(IF(ISBLANK(E5), "Balanced", E5), Stat_Matrix!$AG$2:$AP$6, 5, FALSE) -> 82 | J5: =VLOOKUP(C5, Stat_Matrix!$E$2:$N$7, 8, FALSE) + (VLOOKUP(B5, Stat_Matrix!$A$2:$C$5, 3, FALSE) * VLOOKUP(C5, Stat_Matrix!$P$2:$Y$7, 8, FALSE)) + VLOOKUP(IF(ISBLANK(E5), "Balanced", E5), Stat_Matrix!$AG$2:$AP$6, 8, FALSE) -> 0 | K5: =VLOOKUP(C5, Stat_Matrix!$E$2:$N$7, 6, FALSE) + (VLOOKUP(B5, Stat_Matrix!$A$2:$C$5, 3, FALSE) * VLOOKUP(C5, Stat_Matrix!$P$2:$Y$7, 6, FALSE)) + VLOOKUP(IF(ISBLANK(E5), "Balanced", E5), Stat_Matrix!$AG$2:$AP$6, 6, FALSE) -> 5 | L5: =VLOOKUP(C5, Stat_Matrix!$E$2:$N$7, 7, FALSE) + (VLOOKUP(B5, Stat_Matrix!$A$2:$C$5, 3, FALSE) * VLOOKUP(C5, Stat_Matrix!$P$2:$Y$7, 7, FALSE)) + VLOOKUP(IF(ISBLANK(E5), "Balanced", E5), Stat_Matrix!$AG$2:$AP$6, 7, FALSE) -> 0 | M5: =VLOOKUP(C5, Stat_Matrix!$E$2:$N$7, 9, FALSE) + (VLOOKUP(B5, Stat_Matrix!$A$2:$C$5, 3, FALSE) * VLOOKUP(C5, Stat_Matrix!$P$2:$Y$7, 9, FALSE)) + VLOOKUP(IF(ISBLANK(E5), "Balanced", E5), Stat_Matrix!$AG$2:$AP$6, 9, FALSE) -> 0 | N5: =VLOOKUP(C5, Stat_Matrix!$E$2:$N$7, 10, FALSE) + (VLOOKUP(B5, Stat_Matrix!$A$2:$C$5, 3, FALSE) * VLOOKUP(C5, Stat_Matrix!$P$2:$Y$7, 10, FALSE) + VLOOKUP(IF(ISBLANK(D5), "Character", D5), Stat_Matrix!$AA$2:$AE$4, 5, FALSE) + VLOOKUP(IF(ISBLANK(E5), "Balanced", E5), Stat_Matrix!$AG$2:$AP$6, 10, FALSE)) -> 12
A6: DragonKing | B6: =Character!C6 -> SR | C6: =Character!D6 -> Support | D6: =Character!E6 -> Character | E6: Defensive | F6: =ROUND(VLOOKUP(C6, Stat_Matrix!$E$2:$N$7, 2, FALSE) * VLOOKUP(B6, Stat_Matrix!$A$2:$B$5, 2, FALSE) * VLOOKUP(IF(ISBLANK(D6), "Character", D6), Stat_Matrix!$AA$2:$AD$4, 2, FALSE) * VLOOKUP(IF(ISBLANK(E6), "Balanced", E6), Stat_Matrix!$AG$2:$AP$6, 2, FALSE), 0) -> 4140 | G6: =ROUND(VLOOKUP(C6, Stat_Matrix!$E$2:$N$7, 3, FALSE) * VLOOKUP(B6, Stat_Matrix!$A$2:$B$5, 2, FALSE) * VLOOKUP(IF(ISBLANK(D6), "Character", D6), Stat_Matrix!$AA$2:$AD$4, 3, FALSE) * VLOOKUP(IF(ISBLANK(E6), "Balanced", E6), Stat_Matrix!$AG$2:$AP$6, 3, FALSE), 0) -> 1134 | H6: =ROUND(VLOOKUP(C6, Stat_Matrix!$E$2:$N$7, 4, FALSE) * VLOOKUP(B6, Stat_Matrix!$A$2:$B$5, 2, FALSE) * VLOOKUP(IF(ISBLANK(D6), "Character", D6), Stat_Matrix!$AA$2:$AD$4, 4, FALSE) * VLOOKUP(IF(ISBLANK(E6), "Balanced", E6), Stat_Matrix!$AG$2:$AP$6, 4, FALSE), 0) -> 330 | I6: =VLOOKUP(C6, Stat_Matrix!$E$2:$N$7, 5, FALSE) + (VLOOKUP(B6, Stat_Matrix!$A$2:$C$5, 3, FALSE) * VLOOKUP(C6, Stat_Matrix!$P$2:$Y$7, 5, FALSE)) + VLOOKUP(IF(ISBLANK(E6), "Balanced", E6), Stat_Matrix!$AG$2:$AP$6, 5, FALSE) -> 103 | J6: =VLOOKUP(C6, Stat_Matrix!$E$2:$N$7, 8, FALSE) + (VLOOKUP(B6, Stat_Matrix!$A$2:$C$5, 3, FALSE) * VLOOKUP(C6, Stat_Matrix!$P$2:$Y$7, 8, FALSE)) + VLOOKUP(IF(ISBLANK(E6), "Balanced", E6), Stat_Matrix!$AG$2:$AP$6, 8, FALSE) -> 0 | K6: =VLOOKUP(C6, Stat_Matrix!$E$2:$N$7, 6, FALSE) + (VLOOKUP(B6, Stat_Matrix!$A$2:$C$5, 3, FALSE) * VLOOKUP(C6, Stat_Matrix!$P$2:$Y$7, 6, FALSE)) + VLOOKUP(IF(ISBLANK(E6), "Balanced", E6), Stat_Matrix!$AG$2:$AP$6, 6, FALSE) -> 5 | L6: =VLOOKUP(C6, Stat_Matrix!$E$2:$N$7, 7, FALSE) + (VLOOKUP(B6, Stat_Matrix!$A$2:$C$5, 3, FALSE) * VLOOKUP(C6, Stat_Matrix!$P$2:$Y$7, 7, FALSE)) + VLOOKUP(IF(ISBLANK(E6), "Balanced", E6), Stat_Matrix!$AG$2:$AP$6, 7, FALSE) -> 0 | M6: =VLOOKUP(C6, Stat_Matrix!$E$2:$N$7, 9, FALSE) + (VLOOKUP(B6, Stat_Matrix!$A$2:$C$5, 3, FALSE) * VLOOKUP(C6, Stat_Matrix!$P$2:$Y$7, 9, FALSE)) + VLOOKUP(IF(ISBLANK(E6), "Balanced", E6), Stat_Matrix!$AG$2:$AP$6, 9, FALSE) -> 0 | N6: =VLOOKUP(C6, Stat_Matrix!$E$2:$N$7, 10, FALSE) + (VLOOKUP(B6, Stat_Matrix!$A$2:$C$5, 3, FALSE) * VLOOKUP(C6, Stat_Matrix!$P$2:$Y$7, 10, FALSE) + VLOOKUP(IF(ISBLANK(D6), "Character", D6), Stat_Matrix!$AA$2:$AE$4, 5, FALSE) + VLOOKUP(IF(ISBLANK(E6), "Balanced", E6), Stat_Matrix!$AG$2:$AP$6, 10, FALSE)) -> 10
A7: ThirdPrinceNezha | B7: =Character!C7 -> SSR | C7: =Character!D7 -> Assassin | D7: =Character!E7 -> Character | E7: Offensive | F7: =ROUND(VLOOKUP(C7, Stat_Matrix!$E$2:$N$7, 2, FALSE) * VLOOKUP(B7, Stat_Matrix!$A$2:$B$5, 2, FALSE) * VLOOKUP(IF(ISBLANK(D7), "Character", D7), Stat_Matrix!$AA$2:$AD$4, 2, FALSE) * VLOOKUP(IF(ISBLANK(E7), "Balanced", E7), Stat_Matrix!$AG$2:$AP$6, 2, FALSE), 0) -> 2755 | G7: =ROUND(VLOOKUP(C7, Stat_Matrix!$E$2:$N$7, 3, FALSE) * VLOOKUP(B7, Stat_Matrix!$A$2:$B$5, 2, FALSE) * VLOOKUP(IF(ISBLANK(D7), "Character", D7), Stat_Matrix!$AA$2:$AD$4, 3, FALSE) * VLOOKUP(IF(ISBLANK(E7), "Balanced", E7), Stat_Matrix!$AG$2:$AP$6, 3, FALSE), 0) -> 3589 | H7: =ROUND(VLOOKUP(C7, Stat_Matrix!$E$2:$N$7, 4, FALSE) * VLOOKUP(B7, Stat_Matrix!$A$2:$B$5, 2, FALSE) * VLOOKUP(IF(ISBLANK(D7), "Character", D7), Stat_Matrix!$AA$2:$AD$4, 4, FALSE) * VLOOKUP(IF(ISBLANK(E7), "Balanced", E7), Stat_Matrix!$AG$2:$AP$6, 4, FALSE), 0) -> 276 | I7: =VLOOKUP(C7, Stat_Matrix!$E$2:$N$7, 5, FALSE) + (VLOOKUP(B7, Stat_Matrix!$A$2:$C$5, 3, FALSE) * VLOOKUP(C7, Stat_Matrix!$P$2:$Y$7, 5, FALSE)) + VLOOKUP(IF(ISBLANK(E7), "Balanced", E7), Stat_Matrix!$AG$2:$AP$6, 5, FALSE) -> 111 | J7: =VLOOKUP(C7, Stat_Matrix!$E$2:$N$7, 8, FALSE) + (VLOOKUP(B7, Stat_Matrix!$A$2:$C$5, 3, FALSE) * VLOOKUP(C7, Stat_Matrix!$P$2:$Y$7, 8, FALSE)) + VLOOKUP(IF(ISBLANK(E7), "Balanced", E7), Stat_Matrix!$AG$2:$AP$6, 8, FALSE) -> 21 | K7: =VLOOKUP(C7, Stat_Matrix!$E$2:$N$7, 6, FALSE) + (VLOOKUP(B7, Stat_Matrix!$A$2:$C$5, 3, FALSE) * VLOOKUP(C7, Stat_Matrix!$P$2:$Y$7, 6, FALSE)) + VLOOKUP(IF(ISBLANK(E7), "Balanced", E7), Stat_Matrix!$AG$2:$AP$6, 6, FALSE) -> 16 | L7: =VLOOKUP(C7, Stat_Matrix!$E$2:$N$7, 7, FALSE) + (VLOOKUP(B7, Stat_Matrix!$A$2:$C$5, 3, FALSE) * VLOOKUP(C7, Stat_Matrix!$P$2:$Y$7, 7, FALSE)) + VLOOKUP(IF(ISBLANK(E7), "Balanced", E7), Stat_Matrix!$AG$2:$AP$6, 7, FALSE) -> 29 | M7: =VLOOKUP(C7, Stat_Matrix!$E$2:$N$7, 9, FALSE) + (VLOOKUP(B7, Stat_Matrix!$A$2:$C$5, 3, FALSE) * VLOOKUP(C7, Stat_Matrix!$P$2:$Y$7, 9, FALSE)) + VLOOKUP(IF(ISBLANK(E7), "Balanced", E7), Stat_Matrix!$AG$2:$AP$6, 9, FALSE) -> 9 | N7: =VLOOKUP(C7, Stat_Matrix!$E$2:$N$7, 10, FALSE) + (VLOOKUP(B7, Stat_Matrix!$A$2:$C$5, 3, FALSE) * VLOOKUP(C7, Stat_Matrix!$P$2:$Y$7, 10, FALSE) + VLOOKUP(IF(ISBLANK(D7), "Character", D7), Stat_Matrix!$AA$2:$AE$4, 5, FALSE) + VLOOKUP(IF(ISBLANK(E7), "Balanced", E7), Stat_Matrix!$AG$2:$AP$6, 10, FALSE)) -> 0
A8: LittleWhiteDragon | B8: =Character!C8 -> R | C8: =Character!D8 -> ADCarry | D8: =Character!E8 -> Character | E8: Swift | F8: =ROUND(VLOOKUP(C8, Stat_Matrix!$E$2:$N$7, 2, FALSE) * VLOOKUP(B8, Stat_Matrix!$A$2:$B$5, 2, FALSE) * VLOOKUP(IF(ISBLANK(D8), "Character", D8), Stat_Matrix!$AA$2:$AD$4, 2, FALSE) * VLOOKUP(IF(ISBLANK(E8), "Balanced", E8), Stat_Matrix!$AG$2:$AP$6, 2, FALSE), 0) -> 2090 | G8: =ROUND(VLOOKUP(C8, Stat_Matrix!$E$2:$N$7, 3, FALSE) * VLOOKUP(B8, Stat_Matrix!$A$2:$B$5, 2, FALSE) * VLOOKUP(IF(ISBLANK(D8), "Character", D8), Stat_Matrix!$AA$2:$AD$4, 3, FALSE) * VLOOKUP(IF(ISBLANK(E8), "Balanced", E8), Stat_Matrix!$AG$2:$AP$6, 3, FALSE), 0) -> 2090 | H8: =ROUND(VLOOKUP(C8, Stat_Matrix!$E$2:$N$7, 4, FALSE) * VLOOKUP(B8, Stat_Matrix!$A$2:$B$5, 2, FALSE) * VLOOKUP(IF(ISBLANK(D8), "Character", D8), Stat_Matrix!$AA$2:$AD$4, 4, FALSE) * VLOOKUP(IF(ISBLANK(E8), "Balanced", E8), Stat_Matrix!$AG$2:$AP$6, 4, FALSE), 0) -> 209 | I8: =VLOOKUP(C8, Stat_Matrix!$E$2:$N$7, 5, FALSE) + (VLOOKUP(B8, Stat_Matrix!$A$2:$C$5, 3, FALSE) * VLOOKUP(C8, Stat_Matrix!$P$2:$Y$7, 5, FALSE)) + VLOOKUP(IF(ISBLANK(E8), "Balanced", E8), Stat_Matrix!$AG$2:$AP$6, 5, FALSE) -> 108 | J8: =VLOOKUP(C8, Stat_Matrix!$E$2:$N$7, 8, FALSE) + (VLOOKUP(B8, Stat_Matrix!$A$2:$C$5, 3, FALSE) * VLOOKUP(C8, Stat_Matrix!$P$2:$Y$7, 8, FALSE)) + VLOOKUP(IF(ISBLANK(E8), "Balanced", E8), Stat_Matrix!$AG$2:$AP$6, 8, FALSE) -> 5 | K8: =VLOOKUP(C8, Stat_Matrix!$E$2:$N$7, 6, FALSE) + (VLOOKUP(B8, Stat_Matrix!$A$2:$C$5, 3, FALSE) * VLOOKUP(C8, Stat_Matrix!$P$2:$Y$7, 6, FALSE)) + VLOOKUP(IF(ISBLANK(E8), "Balanced", E8), Stat_Matrix!$AG$2:$AP$6, 6, FALSE) -> 13 | L8: =VLOOKUP(C8, Stat_Matrix!$E$2:$N$7, 7, FALSE) + (VLOOKUP(B8, Stat_Matrix!$A$2:$C$5, 3, FALSE) * VLOOKUP(C8, Stat_Matrix!$P$2:$Y$7, 7, FALSE)) + VLOOKUP(IF(ISBLANK(E8), "Balanced", E8), Stat_Matrix!$AG$2:$AP$6, 7, FALSE) -> 10 | M8: =VLOOKUP(C8, Stat_Matrix!$E$2:$N$7, 9, FALSE) + (VLOOKUP(B8, Stat_Matrix!$A$2:$C$5, 3, FALSE) * VLOOKUP(C8, Stat_Matrix!$P$2:$Y$7, 9, FALSE)) + VLOOKUP(IF(ISBLANK(E8), "Balanced", E8), Stat_Matrix!$AG$2:$AP$6, 9, FALSE) -> 4 | N8: =VLOOKUP(C8, Stat_Matrix!$E$2:$N$7, 10, FALSE) + (VLOOKUP(B8, Stat_Matrix!$A$2:$C$5, 3, FALSE) * VLOOKUP(C8, Stat_Matrix!$P$2:$Y$7, 10, FALSE) + VLOOKUP(IF(ISBLANK(D8), "Character", D8), Stat_Matrix!$AA$2:$AE$4, 5, FALSE) + VLOOKUP(IF(ISBLANK(E8), "Balanced", E8), Stat_Matrix!$AG$2:$AP$6, 10, FALSE)) -> 0
A9: BullDemonKing | B9: =Character!C9 -> SSR | C9: =Character!D9 -> Tanker | D9: =Character!E9 -> Character | E9: Defensive | F9: =ROUND(VLOOKUP(C9, Stat_Matrix!$E$2:$N$7, 2, FALSE) * VLOOKUP(B9, Stat_Matrix!$A$2:$B$5, 2, FALSE) * VLOOKUP(IF(ISBLANK(D9), "Character", D9), Stat_Matrix!$AA$2:$AD$4, 2, FALSE) * VLOOKUP(IF(ISBLANK(E9), "Balanced", E9), Stat_Matrix!$AG$2:$AP$6, 2, FALSE), 0) -> 6670 | G9: =ROUND(VLOOKUP(C9, Stat_Matrix!$E$2:$N$7, 3, FALSE) * VLOOKUP(B9, Stat_Matrix!$A$2:$B$5, 2, FALSE) * VLOOKUP(IF(ISBLANK(D9), "Character", D9), Stat_Matrix!$AA$2:$AD$4, 3, FALSE) * VLOOKUP(IF(ISBLANK(E9), "Balanced", E9), Stat_Matrix!$AG$2:$AP$6, 3, FALSE), 0) -> 1175 | H9: =ROUND(VLOOKUP(C9, Stat_Matrix!$E$2:$N$7, 4, FALSE) * VLOOKUP(B9, Stat_Matrix!$A$2:$B$5, 2, FALSE) * VLOOKUP(IF(ISBLANK(D9), "Character", D9), Stat_Matrix!$AA$2:$AD$4, 4, FALSE) * VLOOKUP(IF(ISBLANK(E9), "Balanced", E9), Stat_Matrix!$AG$2:$AP$6, 4, FALSE), 0) -> 598 | I9: =VLOOKUP(C9, Stat_Matrix!$E$2:$N$7, 5, FALSE) + (VLOOKUP(B9, Stat_Matrix!$A$2:$C$5, 3, FALSE) * VLOOKUP(C9, Stat_Matrix!$P$2:$Y$7, 5, FALSE)) + VLOOKUP(IF(ISBLANK(E9), "Balanced", E9), Stat_Matrix!$AG$2:$AP$6, 5, FALSE) -> 84 | J9: =VLOOKUP(C9, Stat_Matrix!$E$2:$N$7, 8, FALSE) + (VLOOKUP(B9, Stat_Matrix!$A$2:$C$5, 3, FALSE) * VLOOKUP(C9, Stat_Matrix!$P$2:$Y$7, 8, FALSE)) + VLOOKUP(IF(ISBLANK(E9), "Balanced", E9), Stat_Matrix!$AG$2:$AP$6, 8, FALSE) -> 0 | K9: =VLOOKUP(C9, Stat_Matrix!$E$2:$N$7, 6, FALSE) + (VLOOKUP(B9, Stat_Matrix!$A$2:$C$5, 3, FALSE) * VLOOKUP(C9, Stat_Matrix!$P$2:$Y$7, 6, FALSE)) + VLOOKUP(IF(ISBLANK(E9), "Balanced", E9), Stat_Matrix!$AG$2:$AP$6, 6, FALSE) -> 5 | L9: =VLOOKUP(C9, Stat_Matrix!$E$2:$N$7, 7, FALSE) + (VLOOKUP(B9, Stat_Matrix!$A$2:$C$5, 3, FALSE) * VLOOKUP(C9, Stat_Matrix!$P$2:$Y$7, 7, FALSE)) + VLOOKUP(IF(ISBLANK(E9), "Balanced", E9), Stat_Matrix!$AG$2:$AP$6, 7, FALSE) -> 0 | M9: =VLOOKUP(C9, Stat_Matrix!$E$2:$N$7, 9, FALSE) + (VLOOKUP(B9, Stat_Matrix!$A$2:$C$5, 3, FALSE) * VLOOKUP(C9, Stat_Matrix!$P$2:$Y$7, 9, FALSE)) + VLOOKUP(IF(ISBLANK(E9), "Balanced", E9), Stat_Matrix!$AG$2:$AP$6, 9, FALSE) -> 0 | N9: =VLOOKUP(C9, Stat_Matrix!$E$2:$N$7, 10, FALSE) + (VLOOKUP(B9, Stat_Matrix!$A$2:$C$5, 3, FALSE) * VLOOKUP(C9, Stat_Matrix!$P$2:$Y$7, 10, FALSE) + VLOOKUP(IF(ISBLANK(D9), "Character", D9), Stat_Matrix!$AA$2:$AE$4, 5, FALSE) + VLOOKUP(IF(ISBLANK(E9), "Balanced", E9), Stat_Matrix!$AG$2:$AP$6, 10, FALSE)) -> 14
A10: ErlangShen | B10: =Character!C10 -> UR | C10: =Character!D10 -> Fighter | D10: =Character!E10 -> Character | E10: Balanced | F10: =ROUND(VLOOKUP(C10, Stat_Matrix!$E$2:$N$7, 2, FALSE) * VLOOKUP(B10, Stat_Matrix!$A$2:$B$5, 2, FALSE) * VLOOKUP(IF(ISBLANK(D10), "Character", D10), Stat_Matrix!$AA$2:$AD$4, 2, FALSE) * VLOOKUP(IF(ISBLANK(E10), "Balanced", E10), Stat_Matrix!$AG$2:$AP$6, 2, FALSE), 0) -> 4675 | G10: =ROUND(VLOOKUP(C10, Stat_Matrix!$E$2:$N$7, 3, FALSE) * VLOOKUP(B10, Stat_Matrix!$A$2:$B$5, 2, FALSE) * VLOOKUP(IF(ISBLANK(D10), "Character", D10), Stat_Matrix!$AA$2:$AD$4, 3, FALSE) * VLOOKUP(IF(ISBLANK(E10), "Balanced", E10), Stat_Matrix!$AG$2:$AP$6, 3, FALSE), 0) -> 2805 | H10: =ROUND(VLOOKUP(C10, Stat_Matrix!$E$2:$N$7, 4, FALSE) * VLOOKUP(B10, Stat_Matrix!$A$2:$B$5, 2, FALSE) * VLOOKUP(IF(ISBLANK(D10), "Character", D10), Stat_Matrix!$AA$2:$AD$4, 4, FALSE) * VLOOKUP(IF(ISBLANK(E10), "Balanced", E10), Stat_Matrix!$AG$2:$AP$6, 4, FALSE), 0) -> 468 | I10: =VLOOKUP(C10, Stat_Matrix!$E$2:$N$7, 5, FALSE) + (VLOOKUP(B10, Stat_Matrix!$A$2:$C$5, 3, FALSE) * VLOOKUP(C10, Stat_Matrix!$P$2:$Y$7, 5, FALSE)) + VLOOKUP(IF(ISBLANK(E10), "Balanced", E10), Stat_Matrix!$AG$2:$AP$6, 5, FALSE) -> 96 | J10: =VLOOKUP(C10, Stat_Matrix!$E$2:$N$7, 8, FALSE) + (VLOOKUP(B10, Stat_Matrix!$A$2:$C$5, 3, FALSE) * VLOOKUP(C10, Stat_Matrix!$P$2:$Y$7, 8, FALSE)) + VLOOKUP(IF(ISBLANK(E10), "Balanced", E10), Stat_Matrix!$AG$2:$AP$6, 8, FALSE) -> 11 | K10: 12 | L10: =VLOOKUP(C10, Stat_Matrix!$E$2:$N$7, 7, FALSE) + (VLOOKUP(B10, Stat_Matrix!$A$2:$C$5, 3, FALSE) * VLOOKUP(C10, Stat_Matrix!$P$2:$Y$7, 7, FALSE)) + VLOOKUP(IF(ISBLANK(E10), "Balanced", E10), Stat_Matrix!$AG$2:$AP$6, 7, FALSE) -> 14 | M10: =VLOOKUP(C10, Stat_Matrix!$E$2:$N$7, 9, FALSE) + (VLOOKUP(B10, Stat_Matrix!$A$2:$C$5, 3, FALSE) * VLOOKUP(C10, Stat_Matrix!$P$2:$Y$7, 9, FALSE)) + VLOOKUP(IF(ISBLANK(E10), "Balanced", E10), Stat_Matrix!$AG$2:$AP$6, 9, FALSE) -> 5 | N10: =VLOOKUP(C10, Stat_Matrix!$E$2:$N$7, 10, FALSE) + (VLOOKUP(B10, Stat_Matrix!$A$2:$C$5, 3, FALSE) * VLOOKUP(C10, Stat_Matrix!$P$2:$Y$7, 10, FALSE) + VLOOKUP(IF(ISBLANK(D10), "Character", D10), Stat_Matrix!$AA$2:$AE$4, 5, FALSE) + VLOOKUP(IF(ISBLANK(E10), "Balanced", E10), Stat_Matrix!$AG$2:$AP$6, 10, FALSE)) -> 0
A11: GuanyinBodhisattva | B11: =Character!C11 -> UR | C11: =Character!D11 -> Mage | D11: =Character!E11 -> Character | E11: Balanced | F11: =ROUND(VLOOKUP(C11, Stat_Matrix!$E$2:$N$7, 2, FALSE) * VLOOKUP(B11, Stat_Matrix!$A$2:$B$5, 2, FALSE) * VLOOKUP(IF(ISBLANK(D11), "Character", D11), Stat_Matrix!$AA$2:$AD$4, 2, FALSE) * VLOOKUP(IF(ISBLANK(E11), "Balanced", E11), Stat_Matrix!$AG$2:$AP$6, 2, FALSE), 0) -> 3825 | G11: =ROUND(VLOOKUP(C11, Stat_Matrix!$E$2:$N$7, 3, FALSE) * VLOOKUP(B11, Stat_Matrix!$A$2:$B$5, 2, FALSE) * VLOOKUP(IF(ISBLANK(D11), "Character", D11), Stat_Matrix!$AA$2:$AD$4, 3, FALSE) * VLOOKUP(IF(ISBLANK(E11), "Balanced", E11), Stat_Matrix!$AG$2:$AP$6, 3, FALSE), 0) -> 3570 | H11: =ROUND(VLOOKUP(C11, Stat_Matrix!$E$2:$N$7, 4, FALSE) * VLOOKUP(B11, Stat_Matrix!$A$2:$B$5, 2, FALSE) * VLOOKUP(IF(ISBLANK(D11), "Character", D11), Stat_Matrix!$AA$2:$AD$4, 4, FALSE) * VLOOKUP(IF(ISBLANK(E11), "Balanced", E11), Stat_Matrix!$AG$2:$AP$6, 4, FALSE), 0) -> 357 | I11: =VLOOKUP(C11, Stat_Matrix!$E$2:$N$7, 5, FALSE) + (VLOOKUP(B11, Stat_Matrix!$A$2:$C$5, 3, FALSE) * VLOOKUP(C11, Stat_Matrix!$P$2:$Y$7, 5, FALSE)) + VLOOKUP(IF(ISBLANK(E11), "Balanced", E11), Stat_Matrix!$AG$2:$AP$6, 5, FALSE) -> 101 | J11: =VLOOKUP(C11, Stat_Matrix!$E$2:$N$7, 8, FALSE) + (VLOOKUP(B11, Stat_Matrix!$A$2:$C$5, 3, FALSE) * VLOOKUP(C11, Stat_Matrix!$P$2:$Y$7, 8, FALSE)) + VLOOKUP(IF(ISBLANK(E11), "Balanced", E11), Stat_Matrix!$AG$2:$AP$6, 8, FALSE) -> 0 | K11: =VLOOKUP(C11, Stat_Matrix!$E$2:$N$7, 6, FALSE) + (VLOOKUP(B11, Stat_Matrix!$A$2:$C$5, 3, FALSE) * VLOOKUP(C11, Stat_Matrix!$P$2:$Y$7, 6, FALSE)) + VLOOKUP(IF(ISBLANK(E11), "Balanced", E11), Stat_Matrix!$AG$2:$AP$6, 6, FALSE) -> 8 | L11: =VLOOKUP(C11, Stat_Matrix!$E$2:$N$7, 7, FALSE) + (VLOOKUP(B11, Stat_Matrix!$A$2:$C$5, 3, FALSE) * VLOOKUP(C11, Stat_Matrix!$P$2:$Y$7, 7, FALSE)) + VLOOKUP(IF(ISBLANK(E11), "Balanced", E11), Stat_Matrix!$AG$2:$AP$6, 7, FALSE) -> 19 | M11: =VLOOKUP(C11, Stat_Matrix!$E$2:$N$7, 9, FALSE) + (VLOOKUP(B11, Stat_Matrix!$A$2:$C$5, 3, FALSE) * VLOOKUP(C11, Stat_Matrix!$P$2:$Y$7, 9, FALSE)) + VLOOKUP(IF(ISBLANK(E11), "Balanced", E11), Stat_Matrix!$AG$2:$AP$6, 9, FALSE) -> 11 | N11: =VLOOKUP(C11, Stat_Matrix!$E$2:$N$7, 10, FALSE) + (VLOOKUP(B11, Stat_Matrix!$A$2:$C$5, 3, FALSE) * VLOOKUP(C11, Stat_Matrix!$P$2:$Y$7, 10, FALSE) + VLOOKUP(IF(ISBLANK(D11), "Character", D11), Stat_Matrix!$AA$2:$AE$4, 5, FALSE) + VLOOKUP(IF(ISBLANK(E11), "Balanced", E11), Stat_Matrix!$AG$2:$AP$6, 10, FALSE)) -> 0
A12: VanguardTiger | B12: =Character!C12 -> R | C12: =Character!D12 -> Fighter | D12: =Character!E12 -> Boss | E12: Offensive | F12: =ROUND(VLOOKUP(C12, Stat_Matrix!$E$2:$N$7, 2, FALSE) * VLOOKUP(B12, Stat_Matrix!$A$2:$B$5, 2, FALSE) * VLOOKUP(IF(ISBLANK(D12), "Character", D12), Stat_Matrix!$AA$2:$AD$4, 2, FALSE) * VLOOKUP(IF(ISBLANK(E12), "Balanced", E12), Stat_Matrix!$AG$2:$AP$6, 2, FALSE), 0) -> 3919 | G12: =ROUND(VLOOKUP(C12, Stat_Matrix!$E$2:$N$7, 3, FALSE) * VLOOKUP(B12, Stat_Matrix!$A$2:$B$5, 2, FALSE) * VLOOKUP(IF(ISBLANK(D12), "Character", D12), Stat_Matrix!$AA$2:$AD$4, 3, FALSE) * VLOOKUP(IF(ISBLANK(E12), "Balanced", E12), Stat_Matrix!$AG$2:$AP$6, 3, FALSE), 0) -> 2178 | H12: =ROUND(VLOOKUP(C12, Stat_Matrix!$E$2:$N$7, 4, FALSE) * VLOOKUP(B12, Stat_Matrix!$A$2:$B$5, 2, FALSE) * VLOOKUP(IF(ISBLANK(D12), "Character", D12), Stat_Matrix!$AA$2:$AD$4, 4, FALSE) * VLOOKUP(IF(ISBLANK(E12), "Balanced", E12), Stat_Matrix!$AG$2:$AP$6, 4, FALSE), 0) -> 314 | I12: =VLOOKUP(C12, Stat_Matrix!$E$2:$N$7, 5, FALSE) + (VLOOKUP(B12, Stat_Matrix!$A$2:$C$5, 3, FALSE) * VLOOKUP(C12, Stat_Matrix!$P$2:$Y$7, 5, FALSE)) + VLOOKUP(IF(ISBLANK(E12), "Balanced", E12), Stat_Matrix!$AG$2:$AP$6, 5, FALSE) -> 90 | J12: =VLOOKUP(C12, Stat_Matrix!$E$2:$N$7, 8, FALSE) + (VLOOKUP(B12, Stat_Matrix!$A$2:$C$5, 3, FALSE) * VLOOKUP(C12, Stat_Matrix!$P$2:$Y$7, 8, FALSE)) + VLOOKUP(IF(ISBLANK(E12), "Balanced", E12), Stat_Matrix!$AG$2:$AP$6, 8, FALSE) -> 10 | K12: 60 | L12: 100 | M12: 20 | N12: 25
A13: TheBoySage | B13: =Character!C13 -> UR | C13: =Character!D13 -> Assassin | D13: =Character!E13 -> Boss | E13: Balanced | F13: =ROUND(VLOOKUP(C13, Stat_Matrix!$E$2:$N$7, 2, FALSE) * VLOOKUP(B13, Stat_Matrix!$A$2:$B$5, 2, FALSE) * VLOOKUP(IF(ISBLANK(D13), "Character", D13), Stat_Matrix!$AA$2:$AD$4, 2, FALSE) * VLOOKUP(IF(ISBLANK(E13), "Balanced", E13), Stat_Matrix!$AG$2:$AP$6, 2, FALSE), 0) -> 5100 | G13: =ROUND(VLOOKUP(C13, Stat_Matrix!$E$2:$N$7, 3, FALSE) * VLOOKUP(B13, Stat_Matrix!$A$2:$B$5, 2, FALSE) * VLOOKUP(IF(ISBLANK(D13), "Character", D13), Stat_Matrix!$AA$2:$AD$4, 3, FALSE) * VLOOKUP(IF(ISBLANK(E13), "Balanced", E13), Stat_Matrix!$AG$2:$AP$6, 3, FALSE), 0) -> 4590 | H13: =ROUND(VLOOKUP(C13, Stat_Matrix!$E$2:$N$7, 4, FALSE) * VLOOKUP(B13, Stat_Matrix!$A$2:$B$5, 2, FALSE) * VLOOKUP(IF(ISBLANK(D13), "Character", D13), Stat_Matrix!$AA$2:$AD$4, 4, FALSE) * VLOOKUP(IF(ISBLANK(E13), "Balanced", E13), Stat_Matrix!$AG$2:$AP$6, 4, FALSE), 0) -> 408 | I13: =VLOOKUP(C13, Stat_Matrix!$E$2:$N$7, 5, FALSE) + (VLOOKUP(B13, Stat_Matrix!$A$2:$C$5, 3, FALSE) * VLOOKUP(C13, Stat_Matrix!$P$2:$Y$7, 5, FALSE)) + VLOOKUP(IF(ISBLANK(E13), "Balanced", E13), Stat_Matrix!$AG$2:$AP$6, 5, FALSE) -> 114 | J13: =VLOOKUP(C13, Stat_Matrix!$E$2:$N$7, 8, FALSE) + (VLOOKUP(B13, Stat_Matrix!$A$2:$C$5, 3, FALSE) * VLOOKUP(C13, Stat_Matrix!$P$2:$Y$7, 8, FALSE)) + VLOOKUP(IF(ISBLANK(E13), "Balanced", E13), Stat_Matrix!$AG$2:$AP$6, 8, FALSE) -> 19 | K13: 60 | L13: 100 | M13: 20 | N13: 25
A14: GoldHornKing | B14: =Character!C14 -> SSR | C14: =Character!D14 -> Assassin | D14: =Character!E14 -> Boss | E14: Offensive | F14: =ROUND(VLOOKUP(C14, Stat_Matrix!$E$2:$N$7, 2, FALSE) * VLOOKUP(B14, Stat_Matrix!$A$2:$B$5, 2, FALSE) * VLOOKUP(IF(ISBLANK(D14), "Character", D14), Stat_Matrix!$AA$2:$AD$4, 2, FALSE) * VLOOKUP(IF(ISBLANK(E14), "Balanced", E14), Stat_Matrix!$AG$2:$AP$6, 2, FALSE), 0) -> 4133 | G14: =ROUND(VLOOKUP(C14, Stat_Matrix!$E$2:$N$7, 3, FALSE) * VLOOKUP(B14, Stat_Matrix!$A$2:$B$5, 2, FALSE) * VLOOKUP(IF(ISBLANK(D14), "Character", D14), Stat_Matrix!$AA$2:$AD$4, 3, FALSE) * VLOOKUP(IF(ISBLANK(E14), "Balanced", E14), Stat_Matrix!$AG$2:$AP$6, 3, FALSE), 0) -> 4307 | H14: =ROUND(VLOOKUP(C14, Stat_Matrix!$E$2:$N$7, 4, FALSE) * VLOOKUP(B14, Stat_Matrix!$A$2:$B$5, 2, FALSE) * VLOOKUP(IF(ISBLANK(D14), "Character", D14), Stat_Matrix!$AA$2:$AD$4, 4, FALSE) * VLOOKUP(IF(ISBLANK(E14), "Balanced", E14), Stat_Matrix!$AG$2:$AP$6, 4, FALSE), 0) -> 331 | I14: =VLOOKUP(C14, Stat_Matrix!$E$2:$N$7, 5, FALSE) + (VLOOKUP(B14, Stat_Matrix!$A$2:$C$5, 3, FALSE) * VLOOKUP(C14, Stat_Matrix!$P$2:$Y$7, 5, FALSE)) + VLOOKUP(IF(ISBLANK(E14), "Balanced", E14), Stat_Matrix!$AG$2:$AP$6, 5, FALSE) -> 111 | J14: =VLOOKUP(C14, Stat_Matrix!$E$2:$N$7, 8, FALSE) + (VLOOKUP(B14, Stat_Matrix!$A$2:$C$5, 3, FALSE) * VLOOKUP(C14, Stat_Matrix!$P$2:$Y$7, 8, FALSE)) + VLOOKUP(IF(ISBLANK(E14), "Balanced", E14), Stat_Matrix!$AG$2:$AP$6, 8, FALSE) -> 21 | K14: 60 | L14: 100 | M14: 20 | N14: 25
A15: SilverHornKing | B15: =Character!C15 -> SSR | C15: =Character!D15 -> Assassin | D15: =Character!E15 -> Boss | E15: Offensive | F15: =ROUND(VLOOKUP(C15, Stat_Matrix!$E$2:$N$7, 2, FALSE) * VLOOKUP(B15, Stat_Matrix!$A$2:$B$5, 2, FALSE) * VLOOKUP(IF(ISBLANK(D15), "Character", D15), Stat_Matrix!$AA$2:$AD$4, 2, FALSE) * VLOOKUP(IF(ISBLANK(E15), "Balanced", E15), Stat_Matrix!$AG$2:$AP$6, 2, FALSE), 0) -> 4133 | G15: =ROUND(VLOOKUP(C15, Stat_Matrix!$E$2:$N$7, 3, FALSE) * VLOOKUP(B15, Stat_Matrix!$A$2:$B$5, 2, FALSE) * VLOOKUP(IF(ISBLANK(D15), "Character", D15), Stat_Matrix!$AA$2:$AD$4, 3, FALSE) * VLOOKUP(IF(ISBLANK(E15), "Balanced", E15), Stat_Matrix!$AG$2:$AP$6, 3, FALSE), 0) -> 4307 | H15: =ROUND(VLOOKUP(C15, Stat_Matrix!$E$2:$N$7, 4, FALSE) * VLOOKUP(B15, Stat_Matrix!$A$2:$B$5, 2, FALSE) * VLOOKUP(IF(ISBLANK(D15), "Character", D15), Stat_Matrix!$AA$2:$AD$4, 4, FALSE) * VLOOKUP(IF(ISBLANK(E15), "Balanced", E15), Stat_Matrix!$AG$2:$AP$6, 4, FALSE), 0) -> 331 | I15: =VLOOKUP(C15, Stat_Matrix!$E$2:$N$7, 5, FALSE) + (VLOOKUP(B15, Stat_Matrix!$A$2:$C$5, 3, FALSE) * VLOOKUP(C15, Stat_Matrix!$P$2:$Y$7, 5, FALSE)) + VLOOKUP(IF(ISBLANK(E15), "Balanced", E15), Stat_Matrix!$AG$2:$AP$6, 5, FALSE) -> 111 | J15: =VLOOKUP(C15, Stat_Matrix!$E$2:$N$7, 8, FALSE) + (VLOOKUP(B15, Stat_Matrix!$A$2:$C$5, 3, FALSE) * VLOOKUP(C15, Stat_Matrix!$P$2:$Y$7, 8, FALSE)) + VLOOKUP(IF(ISBLANK(E15), "Balanced", E15), Stat_Matrix!$AG$2:$AP$6, 8, FALSE) -> 21 | K15: 60 | L15: 100 | M15: 20 | N15: 25
A16: YellowWindMonster | B16: =Character!C16 -> UR | C16: =Character!D16 -> Fighter | D16: =Character!E16 -> Boss | E16: Offensive | F16: =ROUND(VLOOKUP(C16, Stat_Matrix!$E$2:$N$7, 2, FALSE) * VLOOKUP(B16, Stat_Matrix!$A$2:$B$5, 2, FALSE) * VLOOKUP(IF(ISBLANK(D16), "Character", D16), Stat_Matrix!$AA$2:$AD$4, 2, FALSE) * VLOOKUP(IF(ISBLANK(E16), "Balanced", E16), Stat_Matrix!$AG$2:$AP$6, 2, FALSE), 0) -> 6662 | G16: =ROUND(VLOOKUP(C16, Stat_Matrix!$E$2:$N$7, 3, FALSE) * VLOOKUP(B16, Stat_Matrix!$A$2:$B$5, 2, FALSE) * VLOOKUP(IF(ISBLANK(D16), "Character", D16), Stat_Matrix!$AA$2:$AD$4, 3, FALSE) * VLOOKUP(IF(ISBLANK(E16), "Balanced", E16), Stat_Matrix!$AG$2:$AP$6, 3, FALSE), 0) -> 3703 | H16: =ROUND(VLOOKUP(C16, Stat_Matrix!$E$2:$N$7, 4, FALSE) * VLOOKUP(B16, Stat_Matrix!$A$2:$B$5, 2, FALSE) * VLOOKUP(IF(ISBLANK(D16), "Character", D16), Stat_Matrix!$AA$2:$AD$4, 4, FALSE) * VLOOKUP(IF(ISBLANK(E16), "Balanced", E16), Stat_Matrix!$AG$2:$AP$6, 4, FALSE), 0) -> 533 | I16: =VLOOKUP(C16, Stat_Matrix!$E$2:$N$7, 5, FALSE) + (VLOOKUP(B16, Stat_Matrix!$A$2:$C$5, 3, FALSE) * VLOOKUP(C16, Stat_Matrix!$P$2:$Y$7, 5, FALSE)) + VLOOKUP(IF(ISBLANK(E16), "Balanced", E16), Stat_Matrix!$AG$2:$AP$6, 5, FALSE) -> 96 | J16: =VLOOKUP(C16, Stat_Matrix!$E$2:$N$7, 8, FALSE) + (VLOOKUP(B16, Stat_Matrix!$A$2:$C$5, 3, FALSE) * VLOOKUP(C16, Stat_Matrix!$P$2:$Y$7, 8, FALSE)) + VLOOKUP(IF(ISBLANK(E16), "Balanced", E16), Stat_Matrix!$AG$2:$AP$6, 8, FALSE) -> 16 | K16: 60 | L16: 100 | M16: 20 | N16: 25
A17: GoldfishDemon | B17: =Character!C17 -> SSR | C17: =Character!D17 -> Fighter | D17: =Character!E17 -> Boss | E17: Offensive | F17: 11364 | G17: 3350 | H17: 530 | I17: 94 | J17: 14 | K17: 60 | L17: 100 | M17: 20 | N17: 25
A18: HeavenlySoddier | B18: =Character!C18 -> R | C18: =Character!D18 -> Fighter | D18: =Character!E18 -> Creep | E18: Balanced | F18: =ROUND(VLOOKUP(C18, Stat_Matrix!$E$2:$N$7, 2, FALSE) * VLOOKUP(B18, Stat_Matrix!$A$2:$B$5, 2, FALSE) * VLOOKUP(IF(ISBLANK(D18), "Character", D18), Stat_Matrix!$AA$2:$AD$4, 2, FALSE) * VLOOKUP(IF(ISBLANK(E18), "Balanced", E18), Stat_Matrix!$AG$2:$AP$6, 2, FALSE), 0) -> 2750 | G18: =ROUND(VLOOKUP(C18, Stat_Matrix!$E$2:$N$7, 3, FALSE) * VLOOKUP(B18, Stat_Matrix!$A$2:$B$5, 2, FALSE) * VLOOKUP(IF(ISBLANK(D18), "Character", D18), Stat_Matrix!$AA$2:$AD$4, 3, FALSE) * VLOOKUP(IF(ISBLANK(E18), "Balanced", E18), Stat_Matrix!$AG$2:$AP$6, 3, FALSE), 0) -> 2310 | H18: =ROUND(VLOOKUP(C18, Stat_Matrix!$E$2:$N$7, 4, FALSE) * VLOOKUP(B18, Stat_Matrix!$A$2:$B$5, 2, FALSE) * VLOOKUP(IF(ISBLANK(D18), "Character", D18), Stat_Matrix!$AA$2:$AD$4, 4, FALSE) * VLOOKUP(IF(ISBLANK(E18), "Balanced", E18), Stat_Matrix!$AG$2:$AP$6, 4, FALSE), 0) -> 330 | I18: =VLOOKUP(C18, Stat_Matrix!$E$2:$N$7, 5, FALSE) + (VLOOKUP(B18, Stat_Matrix!$A$2:$C$5, 3, FALSE) * VLOOKUP(C18, Stat_Matrix!$P$2:$Y$7, 5, FALSE)) + VLOOKUP(IF(ISBLANK(E18), "Balanced", E18), Stat_Matrix!$AG$2:$AP$6, 5, FALSE) -> 90 | J18: =VLOOKUP(C18, Stat_Matrix!$E$2:$N$7, 8, FALSE) + (VLOOKUP(B18, Stat_Matrix!$A$2:$C$5, 3, FALSE) * VLOOKUP(C18, Stat_Matrix!$P$2:$Y$7, 8, FALSE)) + VLOOKUP(IF(ISBLANK(E18), "Balanced", E18), Stat_Matrix!$AG$2:$AP$6, 8, FALSE) -> 5 | K18: =VLOOKUP(C18, Stat_Matrix!$E$2:$N$7, 6, FALSE) + (VLOOKUP(B18, Stat_Matrix!$A$2:$C$5, 3, FALSE) * VLOOKUP(C18, Stat_Matrix!$P$2:$Y$7, 6, FALSE)) + VLOOKUP(IF(ISBLANK(E18), "Balanced", E18), Stat_Matrix!$AG$2:$AP$6, 6, FALSE) -> 5 | L18: =VLOOKUP(C18, Stat_Matrix!$E$2:$N$7, 7, FALSE) + (VLOOKUP(B18, Stat_Matrix!$A$2:$C$5, 3, FALSE) * VLOOKUP(C18, Stat_Matrix!$P$2:$Y$7, 7, FALSE)) + VLOOKUP(IF(ISBLANK(E18), "Balanced", E18), Stat_Matrix!$AG$2:$AP$6, 7, FALSE) -> 5 | M18: =VLOOKUP(C18, Stat_Matrix!$E$2:$N$7, 9, FALSE) + (VLOOKUP(B18, Stat_Matrix!$A$2:$C$5, 3, FALSE) * VLOOKUP(C18, Stat_Matrix!$P$2:$Y$7, 9, FALSE)) + VLOOKUP(IF(ISBLANK(E18), "Balanced", E18), Stat_Matrix!$AG$2:$AP$6, 9, FALSE) -> 2 | N18: =VLOOKUP(C18, Stat_Matrix!$E$2:$N$7, 10, FALSE) + (VLOOKUP(B18, Stat_Matrix!$A$2:$C$5, 3, FALSE) * VLOOKUP(C18, Stat_Matrix!$P$2:$Y$7, 10, FALSE) + VLOOKUP(IF(ISBLANK(D18), "Character", D18), Stat_Matrix!$AA$2:$AE$4, 5, FALSE) + VLOOKUP(IF(ISBLANK(E18), "Balanced", E18), Stat_Matrix!$AG$2:$AP$6, 10, FALSE)) -> 0
A19: YoungBufflalo | B19: =Character!C19 -> R | C19: =Character!D19 -> Fighter | D19: =Character!E19 -> Creep | E19: Balanced | F19: =ROUND(VLOOKUP(C19, Stat_Matrix!$E$2:$N$7, 2, FALSE) * VLOOKUP(B19, Stat_Matrix!$A$2:$B$5, 2, FALSE) * VLOOKUP(IF(ISBLANK(D19), "Character", D19), Stat_Matrix!$AA$2:$AD$4, 2, FALSE) * VLOOKUP(IF(ISBLANK(E19), "Balanced", E19), Stat_Matrix!$AG$2:$AP$6, 2, FALSE), 0) -> 2750 | G19: =ROUND(VLOOKUP(C19, Stat_Matrix!$E$2:$N$7, 3, FALSE) * VLOOKUP(B19, Stat_Matrix!$A$2:$B$5, 2, FALSE) * VLOOKUP(IF(ISBLANK(D19), "Character", D19), Stat_Matrix!$AA$2:$AD$4, 3, FALSE) * VLOOKUP(IF(ISBLANK(E19), "Balanced", E19), Stat_Matrix!$AG$2:$AP$6, 3, FALSE), 0) -> 2310 | H19: =ROUND(VLOOKUP(C19, Stat_Matrix!$E$2:$N$7, 4, FALSE) * VLOOKUP(B19, Stat_Matrix!$A$2:$B$5, 2, FALSE) * VLOOKUP(IF(ISBLANK(D19), "Character", D19), Stat_Matrix!$AA$2:$AD$4, 4, FALSE) * VLOOKUP(IF(ISBLANK(E19), "Balanced", E19), Stat_Matrix!$AG$2:$AP$6, 4, FALSE), 0) -> 330 | I19: =VLOOKUP(C19, Stat_Matrix!$E$2:$N$7, 5, FALSE) + (VLOOKUP(B19, Stat_Matrix!$A$2:$C$5, 3, FALSE) * VLOOKUP(C19, Stat_Matrix!$P$2:$Y$7, 5, FALSE)) + VLOOKUP(IF(ISBLANK(E19), "Balanced", E19), Stat_Matrix!$AG$2:$AP$6, 5, FALSE) -> 90 | J19: =VLOOKUP(C19, Stat_Matrix!$E$2:$N$7, 8, FALSE) + (VLOOKUP(B19, Stat_Matrix!$A$2:$C$5, 3, FALSE) * VLOOKUP(C19, Stat_Matrix!$P$2:$Y$7, 8, FALSE)) + VLOOKUP(IF(ISBLANK(E19), "Balanced", E19), Stat_Matrix!$AG$2:$AP$6, 8, FALSE) -> 5 | K19: =VLOOKUP(C19, Stat_Matrix!$E$2:$N$7, 6, FALSE) + (VLOOKUP(B19, Stat_Matrix!$A$2:$C$5, 3, FALSE) * VLOOKUP(C19, Stat_Matrix!$P$2:$Y$7, 6, FALSE)) + VLOOKUP(IF(ISBLANK(E19), "Balanced", E19), Stat_Matrix!$AG$2:$AP$6, 6, FALSE) -> 5 | L19: =VLOOKUP(C19, Stat_Matrix!$E$2:$N$7, 7, FALSE) + (VLOOKUP(B19, Stat_Matrix!$A$2:$C$5, 3, FALSE) * VLOOKUP(C19, Stat_Matrix!$P$2:$Y$7, 7, FALSE)) + VLOOKUP(IF(ISBLANK(E19), "Balanced", E19), Stat_Matrix!$AG$2:$AP$6, 7, FALSE) -> 5 | M19: =VLOOKUP(C19, Stat_Matrix!$E$2:$N$7, 9, FALSE) + (VLOOKUP(B19, Stat_Matrix!$A$2:$C$5, 3, FALSE) * VLOOKUP(C19, Stat_Matrix!$P$2:$Y$7, 9, FALSE)) + VLOOKUP(IF(ISBLANK(E19), "Balanced", E19), Stat_Matrix!$AG$2:$AP$6, 9, FALSE) -> 2 | N19: =VLOOKUP(C19, Stat_Matrix!$E$2:$N$7, 10, FALSE) + (VLOOKUP(B19, Stat_Matrix!$A$2:$C$5, 3, FALSE) * VLOOKUP(C19, Stat_Matrix!$P$2:$Y$7, 10, FALSE) + VLOOKUP(IF(ISBLANK(D19), "Character", D19), Stat_Matrix!$AA$2:$AE$4, 5, FALSE) + VLOOKUP(IF(ISBLANK(E19), "Balanced", E19), Stat_Matrix!$AG$2:$AP$6, 10, FALSE)) -> 0
A20: Minions | B20: =Character!C20 -> R | C20: =Character!D20 -> Fighter | D20: =Character!E20 -> Creep | E20: Balanced | F20: =ROUND(VLOOKUP(C20, Stat_Matrix!$E$2:$N$7, 2, FALSE) * VLOOKUP(B20, Stat_Matrix!$A$2:$B$5, 2, FALSE) * VLOOKUP(IF(ISBLANK(D20), "Character", D20), Stat_Matrix!$AA$2:$AD$4, 2, FALSE) * VLOOKUP(IF(ISBLANK(E20), "Balanced", E20), Stat_Matrix!$AG$2:$AP$6, 2, FALSE), 0) -> 2750 | G20: =ROUND(VLOOKUP(C20, Stat_Matrix!$E$2:$N$7, 3, FALSE) * VLOOKUP(B20, Stat_Matrix!$A$2:$B$5, 2, FALSE) * VLOOKUP(IF(ISBLANK(D20), "Character", D20), Stat_Matrix!$AA$2:$AD$4, 3, FALSE) * VLOOKUP(IF(ISBLANK(E20), "Balanced", E20), Stat_Matrix!$AG$2:$AP$6, 3, FALSE), 0) -> 2310 | H20: =ROUND(VLOOKUP(C20, Stat_Matrix!$E$2:$N$7, 4, FALSE) * VLOOKUP(B20, Stat_Matrix!$A$2:$B$5, 2, FALSE) * VLOOKUP(IF(ISBLANK(D20), "Character", D20), Stat_Matrix!$AA$2:$AD$4, 4, FALSE) * VLOOKUP(IF(ISBLANK(E20), "Balanced", E20), Stat_Matrix!$AG$2:$AP$6, 4, FALSE), 0) -> 330 | I20: =VLOOKUP(C20, Stat_Matrix!$E$2:$N$7, 5, FALSE) + (VLOOKUP(B20, Stat_Matrix!$A$2:$C$5, 3, FALSE) * VLOOKUP(C20, Stat_Matrix!$P$2:$Y$7, 5, FALSE)) + VLOOKUP(IF(ISBLANK(E20), "Balanced", E20), Stat_Matrix!$AG$2:$AP$6, 5, FALSE) -> 90 | J20: =VLOOKUP(C20, Stat_Matrix!$E$2:$N$7, 8, FALSE) + (VLOOKUP(B20, Stat_Matrix!$A$2:$C$5, 3, FALSE) * VLOOKUP(C20, Stat_Matrix!$P$2:$Y$7, 8, FALSE)) + VLOOKUP(IF(ISBLANK(E20), "Balanced", E20), Stat_Matrix!$AG$2:$AP$6, 8, FALSE) -> 5 | K20: =VLOOKUP(C20, Stat_Matrix!$E$2:$N$7, 6, FALSE) + (VLOOKUP(B20, Stat_Matrix!$A$2:$C$5, 3, FALSE) * VLOOKUP(C20, Stat_Matrix!$P$2:$Y$7, 6, FALSE)) + VLOOKUP(IF(ISBLANK(E20), "Balanced", E20), Stat_Matrix!$AG$2:$AP$6, 6, FALSE) -> 5 | L20: =VLOOKUP(C20, Stat_Matrix!$E$2:$N$7, 7, FALSE) + (VLOOKUP(B20, Stat_Matrix!$A$2:$C$5, 3, FALSE) * VLOOKUP(C20, Stat_Matrix!$P$2:$Y$7, 7, FALSE)) + VLOOKUP(IF(ISBLANK(E20), "Balanced", E20), Stat_Matrix!$AG$2:$AP$6, 7, FALSE) -> 5 | M20: =VLOOKUP(C20, Stat_Matrix!$E$2:$N$7, 9, FALSE) + (VLOOKUP(B20, Stat_Matrix!$A$2:$C$5, 3, FALSE) * VLOOKUP(C20, Stat_Matrix!$P$2:$Y$7, 9, FALSE)) + VLOOKUP(IF(ISBLANK(E20), "Balanced", E20), Stat_Matrix!$AG$2:$AP$6, 9, FALSE) -> 2 | N20: =VLOOKUP(C20, Stat_Matrix!$E$2:$N$7, 10, FALSE) + (VLOOKUP(B20, Stat_Matrix!$A$2:$C$5, 3, FALSE) * VLOOKUP(C20, Stat_Matrix!$P$2:$Y$7, 10, FALSE) + VLOOKUP(IF(ISBLANK(D20), "Character", D20), Stat_Matrix!$AA$2:$AE$4, 5, FALSE) + VLOOKUP(IF(ISBLANK(E20), "Balanced", E20), Stat_Matrix!$AG$2:$AP$6, 10, FALSE)) -> 0
A21: RatMonster | B21: =Character!C21 -> R | C21: =Character!D21 -> Fighter | D21: =Character!E21 -> Creep | E21: Swift | F21: =ROUND(VLOOKUP(C21, Stat_Matrix!$E$2:$N$7, 2, FALSE) * VLOOKUP(B21, Stat_Matrix!$A$2:$B$5, 2, FALSE) * VLOOKUP(IF(ISBLANK(D21), "Character", D21), Stat_Matrix!$AA$2:$AD$4, 2, FALSE) * VLOOKUP(IF(ISBLANK(E21), "Balanced", E21), Stat_Matrix!$AG$2:$AP$6, 2, FALSE), 0) -> 2613 | G21: =ROUND(VLOOKUP(C21, Stat_Matrix!$E$2:$N$7, 3, FALSE) * VLOOKUP(B21, Stat_Matrix!$A$2:$B$5, 2, FALSE) * VLOOKUP(IF(ISBLANK(D21), "Character", D21), Stat_Matrix!$AA$2:$AD$4, 3, FALSE) * VLOOKUP(IF(ISBLANK(E21), "Balanced", E21), Stat_Matrix!$AG$2:$AP$6, 3, FALSE), 0) -> 2195 | H21: =ROUND(VLOOKUP(C21, Stat_Matrix!$E$2:$N$7, 4, FALSE) * VLOOKUP(B21, Stat_Matrix!$A$2:$B$5, 2, FALSE) * VLOOKUP(IF(ISBLANK(D21), "Character", D21), Stat_Matrix!$AA$2:$AD$4, 4, FALSE) * VLOOKUP(IF(ISBLANK(E21), "Balanced", E21), Stat_Matrix!$AG$2:$AP$6, 4, FALSE), 0) -> 314 | I21: =VLOOKUP(C21, Stat_Matrix!$E$2:$N$7, 5, FALSE) + (VLOOKUP(B21, Stat_Matrix!$A$2:$C$5, 3, FALSE) * VLOOKUP(C21, Stat_Matrix!$P$2:$Y$7, 5, FALSE)) + VLOOKUP(IF(ISBLANK(E21), "Balanced", E21), Stat_Matrix!$AG$2:$AP$6, 5, FALSE) -> 98 | J21: =VLOOKUP(C21, Stat_Matrix!$E$2:$N$7, 8, FALSE) + (VLOOKUP(B21, Stat_Matrix!$A$2:$C$5, 3, FALSE) * VLOOKUP(C21, Stat_Matrix!$P$2:$Y$7, 8, FALSE)) + VLOOKUP(IF(ISBLANK(E21), "Balanced", E21), Stat_Matrix!$AG$2:$AP$6, 8, FALSE) -> 5 | K21: =VLOOKUP(C21, Stat_Matrix!$E$2:$N$7, 6, FALSE) + (VLOOKUP(B21, Stat_Matrix!$A$2:$C$5, 3, FALSE) * VLOOKUP(C21, Stat_Matrix!$P$2:$Y$7, 6, FALSE)) + VLOOKUP(IF(ISBLANK(E21), "Balanced", E21), Stat_Matrix!$AG$2:$AP$6, 6, FALSE) -> 10 | L21: =VLOOKUP(C21, Stat_Matrix!$E$2:$N$7, 7, FALSE) + (VLOOKUP(B21, Stat_Matrix!$A$2:$C$5, 3, FALSE) * VLOOKUP(C21, Stat_Matrix!$P$2:$Y$7, 7, FALSE)) + VLOOKUP(IF(ISBLANK(E21), "Balanced", E21), Stat_Matrix!$AG$2:$AP$6, 7, FALSE) -> 5 | M21: =VLOOKUP(C21, Stat_Matrix!$E$2:$N$7, 9, FALSE) + (VLOOKUP(B21, Stat_Matrix!$A$2:$C$5, 3, FALSE) * VLOOKUP(C21, Stat_Matrix!$P$2:$Y$7, 9, FALSE)) + VLOOKUP(IF(ISBLANK(E21), "Balanced", E21), Stat_Matrix!$AG$2:$AP$6, 9, FALSE) -> 2 | N21: =VLOOKUP(C21, Stat_Matrix!$E$2:$N$7, 10, FALSE) + (VLOOKUP(B21, Stat_Matrix!$A$2:$C$5, 3, FALSE) * VLOOKUP(C21, Stat_Matrix!$P$2:$Y$7, 10, FALSE) + VLOOKUP(IF(ISBLANK(D21), "Character", D21), Stat_Matrix!$AA$2:$AE$4, 5, FALSE) + VLOOKUP(IF(ISBLANK(E21), "Balanced", E21), Stat_Matrix!$AG$2:$AP$6, 10, FALSE)) -> 0
A22: CrabSolider | B22: =Character!C22 -> R | C22: =Character!D22 -> Fighter | D22: =Character!E22 -> Creep | E22: Defensive | F22: =ROUND(VLOOKUP(C22, Stat_Matrix!$E$2:$N$7, 2, FALSE) * VLOOKUP(B22, Stat_Matrix!$A$2:$B$5, 2, FALSE) * VLOOKUP(IF(ISBLANK(D22), "Character", D22), Stat_Matrix!$AA$2:$AD$4, 2, FALSE) * VLOOKUP(IF(ISBLANK(E22), "Balanced", E22), Stat_Matrix!$AG$2:$AP$6, 2, FALSE), 0) -> 3163 | G22: =ROUND(VLOOKUP(C22, Stat_Matrix!$E$2:$N$7, 3, FALSE) * VLOOKUP(B22, Stat_Matrix!$A$2:$B$5, 2, FALSE) * VLOOKUP(IF(ISBLANK(D22), "Character", D22), Stat_Matrix!$AA$2:$AD$4, 3, FALSE) * VLOOKUP(IF(ISBLANK(E22), "Balanced", E22), Stat_Matrix!$AG$2:$AP$6, 3, FALSE), 0) -> 2079 | H22: =ROUND(VLOOKUP(C22, Stat_Matrix!$E$2:$N$7, 4, FALSE) * VLOOKUP(B22, Stat_Matrix!$A$2:$B$5, 2, FALSE) * VLOOKUP(IF(ISBLANK(D22), "Character", D22), Stat_Matrix!$AA$2:$AD$4, 4, FALSE) * VLOOKUP(IF(ISBLANK(E22), "Balanced", E22), Stat_Matrix!$AG$2:$AP$6, 4, FALSE), 0) -> 363 | I22: =VLOOKUP(C22, Stat_Matrix!$E$2:$N$7, 5, FALSE) + (VLOOKUP(B22, Stat_Matrix!$A$2:$C$5, 3, FALSE) * VLOOKUP(C22, Stat_Matrix!$P$2:$Y$7, 5, FALSE)) + VLOOKUP(IF(ISBLANK(E22), "Balanced", E22), Stat_Matrix!$AG$2:$AP$6, 5, FALSE) -> 90 | J22: =VLOOKUP(C22, Stat_Matrix!$E$2:$N$7, 8, FALSE) + (VLOOKUP(B22, Stat_Matrix!$A$2:$C$5, 3, FALSE) * VLOOKUP(C22, Stat_Matrix!$P$2:$Y$7, 8, FALSE)) + VLOOKUP(IF(ISBLANK(E22), "Balanced", E22), Stat_Matrix!$AG$2:$AP$6, 8, FALSE) -> 5 | K22: =VLOOKUP(C22, Stat_Matrix!$E$2:$N$7, 6, FALSE) + (VLOOKUP(B22, Stat_Matrix!$A$2:$C$5, 3, FALSE) * VLOOKUP(C22, Stat_Matrix!$P$2:$Y$7, 6, FALSE)) + VLOOKUP(IF(ISBLANK(E22), "Balanced", E22), Stat_Matrix!$AG$2:$AP$6, 6, FALSE) -> 5 | L22: =VLOOKUP(C22, Stat_Matrix!$E$2:$N$7, 7, FALSE) + (VLOOKUP(B22, Stat_Matrix!$A$2:$C$5, 3, FALSE) * VLOOKUP(C22, Stat_Matrix!$P$2:$Y$7, 7, FALSE)) + VLOOKUP(IF(ISBLANK(E22), "Balanced", E22), Stat_Matrix!$AG$2:$AP$6, 7, FALSE) -> 5 | M22: =VLOOKUP(C22, Stat_Matrix!$E$2:$N$7, 9, FALSE) + (VLOOKUP(B22, Stat_Matrix!$A$2:$C$5, 3, FALSE) * VLOOKUP(C22, Stat_Matrix!$P$2:$Y$7, 9, FALSE)) + VLOOKUP(IF(ISBLANK(E22), "Balanced", E22), Stat_Matrix!$AG$2:$AP$6, 9, FALSE) -> 2 | N22: =VLOOKUP(C22, Stat_Matrix!$E$2:$N$7, 10, FALSE) + (VLOOKUP(B22, Stat_Matrix!$A$2:$C$5, 3, FALSE) * VLOOKUP(C22, Stat_Matrix!$P$2:$Y$7, 10, FALSE) + VLOOKUP(IF(ISBLANK(D22), "Character", D22), Stat_Matrix!$AA$2:$AE$4, 5, FALSE) + VLOOKUP(IF(ISBLANK(E22), "Balanced", E22), Stat_Matrix!$AG$2:$AP$6, 10, FALSE)) -> 5
A23: SquidSolider | B23: =Character!C23 -> R | C23: =Character!D23 -> Fighter | D23: =Character!E23 -> Creep | E23: Heavy | F23: =ROUND(VLOOKUP(C23, Stat_Matrix!$E$2:$N$7, 2, FALSE) * VLOOKUP(B23, Stat_Matrix!$A$2:$B$5, 2, FALSE) * VLOOKUP(IF(ISBLANK(D23), "Character", D23), Stat_Matrix!$AA$2:$AD$4, 2, FALSE) * VLOOKUP(IF(ISBLANK(E23), "Balanced", E23), Stat_Matrix!$AG$2:$AP$6, 2, FALSE), 0) -> 2750 | G23: =ROUND(VLOOKUP(C23, Stat_Matrix!$E$2:$N$7, 3, FALSE) * VLOOKUP(B23, Stat_Matrix!$A$2:$B$5, 2, FALSE) * VLOOKUP(IF(ISBLANK(D23), "Character", D23), Stat_Matrix!$AA$2:$AD$4, 3, FALSE) * VLOOKUP(IF(ISBLANK(E23), "Balanced", E23), Stat_Matrix!$AG$2:$AP$6, 3, FALSE), 0) -> 2426 | H23: =ROUND(VLOOKUP(C23, Stat_Matrix!$E$2:$N$7, 4, FALSE) * VLOOKUP(B23, Stat_Matrix!$A$2:$B$5, 2, FALSE) * VLOOKUP(IF(ISBLANK(D23), "Character", D23), Stat_Matrix!$AA$2:$AD$4, 4, FALSE) * VLOOKUP(IF(ISBLANK(E23), "Balanced", E23), Stat_Matrix!$AG$2:$AP$6, 4, FALSE), 0) -> 347 | I23: =VLOOKUP(C23, Stat_Matrix!$E$2:$N$7, 5, FALSE) + (VLOOKUP(B23, Stat_Matrix!$A$2:$C$5, 3, FALSE) * VLOOKUP(C23, Stat_Matrix!$P$2:$Y$7, 5, FALSE)) + VLOOKUP(IF(ISBLANK(E23), "Balanced", E23), Stat_Matrix!$AG$2:$AP$6, 5, FALSE) -> 85 | J23: =VLOOKUP(C23, Stat_Matrix!$E$2:$N$7, 8, FALSE) + (VLOOKUP(B23, Stat_Matrix!$A$2:$C$5, 3, FALSE) * VLOOKUP(C23, Stat_Matrix!$P$2:$Y$7, 8, FALSE)) + VLOOKUP(IF(ISBLANK(E23), "Balanced", E23), Stat_Matrix!$AG$2:$AP$6, 8, FALSE) -> 20 | K23: =VLOOKUP(C23, Stat_Matrix!$E$2:$N$7, 6, FALSE) + (VLOOKUP(B23, Stat_Matrix!$A$2:$C$5, 3, FALSE) * VLOOKUP(C23, Stat_Matrix!$P$2:$Y$7, 6, FALSE)) + VLOOKUP(IF(ISBLANK(E23), "Balanced", E23), Stat_Matrix!$AG$2:$AP$6, 6, FALSE) -> 5 | L23: =VLOOKUP(C23, Stat_Matrix!$E$2:$N$7, 7, FALSE) + (VLOOKUP(B23, Stat_Matrix!$A$2:$C$5, 3, FALSE) * VLOOKUP(C23, Stat_Matrix!$P$2:$Y$7, 7, FALSE)) + VLOOKUP(IF(ISBLANK(E23), "Balanced", E23), Stat_Matrix!$AG$2:$AP$6, 7, FALSE) -> 5 | M23: =VLOOKUP(C23, Stat_Matrix!$E$2:$N$7, 9, FALSE) + (VLOOKUP(B23, Stat_Matrix!$A$2:$C$5, 3, FALSE) * VLOOKUP(C23, Stat_Matrix!$P$2:$Y$7, 9, FALSE)) + VLOOKUP(IF(ISBLANK(E23), "Balanced", E23), Stat_Matrix!$AG$2:$AP$6, 9, FALSE) -> 2 | N23: =VLOOKUP(C23, Stat_Matrix!$E$2:$N$7, 10, FALSE) + (VLOOKUP(B23, Stat_Matrix!$A$2:$C$5, 3, FALSE) * VLOOKUP(C23, Stat_Matrix!$P$2:$Y$7, 10, FALSE) + VLOOKUP(IF(ISBLANK(D23), "Character", D23), Stat_Matrix!$AA$2:$AE$4, 5, FALSE) + VLOOKUP(IF(ISBLANK(E23), "Balanced", E23), Stat_Matrix!$AG$2:$AP$6, 10, FALSE)) -> 0
A24: Benborba | B24: =Character!C24 -> R | C24: =Character!D24 -> Fighter | D24: =Character!E24 -> Creep | E24: Balanced | F24: =ROUND(VLOOKUP(C24, Stat_Matrix!$E$2:$N$7, 2, FALSE) * VLOOKUP(B24, Stat_Matrix!$A$2:$B$5, 2, FALSE) * VLOOKUP(IF(ISBLANK(D24), "Character", D24), Stat_Matrix!$AA$2:$AD$4, 2, FALSE) * VLOOKUP(IF(ISBLANK(E24), "Balanced", E24), Stat_Matrix!$AG$2:$AP$6, 2, FALSE), 0) -> 2750 | G24: =ROUND(VLOOKUP(C24, Stat_Matrix!$E$2:$N$7, 3, FALSE) * VLOOKUP(B24, Stat_Matrix!$A$2:$B$5, 2, FALSE) * VLOOKUP(IF(ISBLANK(D24), "Character", D24), Stat_Matrix!$AA$2:$AD$4, 3, FALSE) * VLOOKUP(IF(ISBLANK(E24), "Balanced", E24), Stat_Matrix!$AG$2:$AP$6, 3, FALSE), 0) -> 2310 | H24: =ROUND(VLOOKUP(C24, Stat_Matrix!$E$2:$N$7, 4, FALSE) * VLOOKUP(B24, Stat_Matrix!$A$2:$B$5, 2, FALSE) * VLOOKUP(IF(ISBLANK(D24), "Character", D24), Stat_Matrix!$AA$2:$AD$4, 4, FALSE) * VLOOKUP(IF(ISBLANK(E24), "Balanced", E24), Stat_Matrix!$AG$2:$AP$6, 4, FALSE), 0) -> 330 | I24: =VLOOKUP(C24, Stat_Matrix!$E$2:$N$7, 5, FALSE) + (VLOOKUP(B24, Stat_Matrix!$A$2:$C$5, 3, FALSE) * VLOOKUP(C24, Stat_Matrix!$P$2:$Y$7, 5, FALSE)) + VLOOKUP(IF(ISBLANK(E24), "Balanced", E24), Stat_Matrix!$AG$2:$AP$6, 5, FALSE) -> 90 | J24: =VLOOKUP(C24, Stat_Matrix!$E$2:$N$7, 8, FALSE) + (VLOOKUP(B24, Stat_Matrix!$A$2:$C$5, 3, FALSE) * VLOOKUP(C24, Stat_Matrix!$P$2:$Y$7, 8, FALSE)) + VLOOKUP(IF(ISBLANK(E24), "Balanced", E24), Stat_Matrix!$AG$2:$AP$6, 8, FALSE) -> 5 | K24: =VLOOKUP(C24, Stat_Matrix!$E$2:$N$7, 6, FALSE) + (VLOOKUP(B24, Stat_Matrix!$A$2:$C$5, 3, FALSE) * VLOOKUP(C24, Stat_Matrix!$P$2:$Y$7, 6, FALSE)) + VLOOKUP(IF(ISBLANK(E24), "Balanced", E24), Stat_Matrix!$AG$2:$AP$6, 6, FALSE) -> 5 | L24: =VLOOKUP(C24, Stat_Matrix!$E$2:$N$7, 7, FALSE) + (VLOOKUP(B24, Stat_Matrix!$A$2:$C$5, 3, FALSE) * VLOOKUP(C24, Stat_Matrix!$P$2:$Y$7, 7, FALSE)) + VLOOKUP(IF(ISBLANK(E24), "Balanced", E24), Stat_Matrix!$AG$2:$AP$6, 7, FALSE) -> 5 | M24: =VLOOKUP(C24, Stat_Matrix!$E$2:$N$7, 9, FALSE) + (VLOOKUP(B24, Stat_Matrix!$A$2:$C$5, 3, FALSE) * VLOOKUP(C24, Stat_Matrix!$P$2:$Y$7, 9, FALSE)) + VLOOKUP(IF(ISBLANK(E24), "Balanced", E24), Stat_Matrix!$AG$2:$AP$6, 9, FALSE) -> 2 | N24: =VLOOKUP(C24, Stat_Matrix!$E$2:$N$7, 10, FALSE) + (VLOOKUP(B24, Stat_Matrix!$A$2:$C$5, 3, FALSE) * VLOOKUP(C24, Stat_Matrix!$P$2:$Y$7, 10, FALSE) + VLOOKUP(IF(ISBLANK(D24), "Character", D24), Stat_Matrix!$AA$2:$AE$4, 5, FALSE) + VLOOKUP(IF(ISBLANK(E24), "Balanced", E24), Stat_Matrix!$AG$2:$AP$6, 10, FALSE)) -> 0
A25: Baborben | B25: =Character!C25 -> R | C25: =Character!D25 -> Fighter | D25: =Character!E25 -> Creep | E25: Balanced | F25: =ROUND(VLOOKUP(C25, Stat_Matrix!$E$2:$N$7, 2, FALSE) * VLOOKUP(B25, Stat_Matrix!$A$2:$B$5, 2, FALSE) * VLOOKUP(IF(ISBLANK(D25), "Character", D25), Stat_Matrix!$AA$2:$AD$4, 2, FALSE) * VLOOKUP(IF(ISBLANK(E25), "Balanced", E25), Stat_Matrix!$AG$2:$AP$6, 2, FALSE), 0) -> 2750 | G25: =ROUND(VLOOKUP(C25, Stat_Matrix!$E$2:$N$7, 3, FALSE) * VLOOKUP(B25, Stat_Matrix!$A$2:$B$5, 2, FALSE) * VLOOKUP(IF(ISBLANK(D25), "Character", D25), Stat_Matrix!$AA$2:$AD$4, 3, FALSE) * VLOOKUP(IF(ISBLANK(E25), "Balanced", E25), Stat_Matrix!$AG$2:$AP$6, 3, FALSE), 0) -> 2310 | H25: =ROUND(VLOOKUP(C25, Stat_Matrix!$E$2:$N$7, 4, FALSE) * VLOOKUP(B25, Stat_Matrix!$A$2:$B$5, 2, FALSE) * VLOOKUP(IF(ISBLANK(D25), "Character", D25), Stat_Matrix!$AA$2:$AD$4, 4, FALSE) * VLOOKUP(IF(ISBLANK(E25), "Balanced", E25), Stat_Matrix!$AG$2:$AP$6, 4, FALSE), 0) -> 330 | I25: =VLOOKUP(C25, Stat_Matrix!$E$2:$N$7, 5, FALSE) + (VLOOKUP(B25, Stat_Matrix!$A$2:$C$5, 3, FALSE) * VLOOKUP(C25, Stat_Matrix!$P$2:$Y$7, 5, FALSE)) + VLOOKUP(IF(ISBLANK(E25), "Balanced", E25), Stat_Matrix!$AG$2:$AP$6, 5, FALSE) -> 90 | J25: =VLOOKUP(C25, Stat_Matrix!$E$2:$N$7, 8, FALSE) + (VLOOKUP(B25, Stat_Matrix!$A$2:$C$5, 3, FALSE) * VLOOKUP(C25, Stat_Matrix!$P$2:$Y$7, 8, FALSE)) + VLOOKUP(IF(ISBLANK(E25), "Balanced", E25), Stat_Matrix!$AG$2:$AP$6, 8, FALSE) -> 5 | K25: =VLOOKUP(C25, Stat_Matrix!$E$2:$N$7, 6, FALSE) + (VLOOKUP(B25, Stat_Matrix!$A$2:$C$5, 3, FALSE) * VLOOKUP(C25, Stat_Matrix!$P$2:$Y$7, 6, FALSE)) + VLOOKUP(IF(ISBLANK(E25), "Balanced", E25), Stat_Matrix!$AG$2:$AP$6, 6, FALSE) -> 5 | L25: =VLOOKUP(C25, Stat_Matrix!$E$2:$N$7, 7, FALSE) + (VLOOKUP(B25, Stat_Matrix!$A$2:$C$5, 3, FALSE) * VLOOKUP(C25, Stat_Matrix!$P$2:$Y$7, 7, FALSE)) + VLOOKUP(IF(ISBLANK(E25), "Balanced", E25), Stat_Matrix!$AG$2:$AP$6, 7, FALSE) -> 5 | M25: =VLOOKUP(C25, Stat_Matrix!$E$2:$N$7, 9, FALSE) + (VLOOKUP(B25, Stat_Matrix!$A$2:$C$5, 3, FALSE) * VLOOKUP(C25, Stat_Matrix!$P$2:$Y$7, 9, FALSE)) + VLOOKUP(IF(ISBLANK(E25), "Balanced", E25), Stat_Matrix!$AG$2:$AP$6, 9, FALSE) -> 2 | N25: =VLOOKUP(C25, Stat_Matrix!$E$2:$N$7, 10, FALSE) + (VLOOKUP(B25, Stat_Matrix!$A$2:$C$5, 3, FALSE) * VLOOKUP(C25, Stat_Matrix!$P$2:$Y$7, 10, FALSE) + VLOOKUP(IF(ISBLANK(D25), "Character", D25), Stat_Matrix!$AA$2:$AE$4, 5, FALSE) + VLOOKUP(IF(ISBLANK(E25), "Balanced", E25), Stat_Matrix!$AG$2:$AP$6, 10, FALSE)) -> 0
A26: LiJing | B26: =Character!C26 -> SSR | C26: =Character!D26 -> Tanker | D26: =Character!E26 -> Character | E26: Defensive | F26: =ROUND(VLOOKUP(C26, Stat_Matrix!$E$2:$N$7, 2, FALSE) * VLOOKUP(B26, Stat_Matrix!$A$2:$B$5, 2, FALSE) * VLOOKUP(IF(ISBLANK(D26), "Character", D26), Stat_Matrix!$AA$2:$AD$4, 2, FALSE) * VLOOKUP(IF(ISBLANK(E26), "Balanced", E26), Stat_Matrix!$AG$2:$AP$6, 2, FALSE), 0) -> 6670 | G26: =ROUND(VLOOKUP(C26, Stat_Matrix!$E$2:$N$7, 3, FALSE) * VLOOKUP(B26, Stat_Matrix!$A$2:$B$5, 2, FALSE) * VLOOKUP(IF(ISBLANK(D26), "Character", D26), Stat_Matrix!$AA$2:$AD$4, 3, FALSE) * VLOOKUP(IF(ISBLANK(E26), "Balanced", E26), Stat_Matrix!$AG$2:$AP$6, 3, FALSE), 0) -> 1175 | H26: =ROUND(VLOOKUP(C26, Stat_Matrix!$E$2:$N$7, 4, FALSE) * VLOOKUP(B26, Stat_Matrix!$A$2:$B$5, 2, FALSE) * VLOOKUP(IF(ISBLANK(D26), "Character", D26), Stat_Matrix!$AA$2:$AD$4, 4, FALSE) * VLOOKUP(IF(ISBLANK(E26), "Balanced", E26), Stat_Matrix!$AG$2:$AP$6, 4, FALSE), 0) -> 598 | I26: =VLOOKUP(C26, Stat_Matrix!$E$2:$N$7, 5, FALSE) + (VLOOKUP(B26, Stat_Matrix!$A$2:$C$5, 3, FALSE) * VLOOKUP(C26, Stat_Matrix!$P$2:$Y$7, 5, FALSE)) + VLOOKUP(IF(ISBLANK(E26), "Balanced", E26), Stat_Matrix!$AG$2:$AP$6, 5, FALSE) -> 84 | J26: =VLOOKUP(C26, Stat_Matrix!$E$2:$N$7, 8, FALSE) + (VLOOKUP(B26, Stat_Matrix!$A$2:$C$5, 3, FALSE) * VLOOKUP(C26, Stat_Matrix!$P$2:$Y$7, 8, FALSE)) + VLOOKUP(IF(ISBLANK(E26), "Balanced", E26), Stat_Matrix!$AG$2:$AP$6, 8, FALSE) -> 0 | K26: =VLOOKUP(C26, Stat_Matrix!$E$2:$N$7, 6, FALSE) + (VLOOKUP(B26, Stat_Matrix!$A$2:$C$5, 3, FALSE) * VLOOKUP(C26, Stat_Matrix!$P$2:$Y$7, 6, FALSE)) + VLOOKUP(IF(ISBLANK(E26), "Balanced", E26), Stat_Matrix!$AG$2:$AP$6, 6, FALSE) -> 5 | L26: =VLOOKUP(C26, Stat_Matrix!$E$2:$N$7, 7, FALSE) + (VLOOKUP(B26, Stat_Matrix!$A$2:$C$5, 3, FALSE) * VLOOKUP(C26, Stat_Matrix!$P$2:$Y$7, 7, FALSE)) + VLOOKUP(IF(ISBLANK(E26), "Balanced", E26), Stat_Matrix!$AG$2:$AP$6, 7, FALSE) -> 0 | M26: =VLOOKUP(C26, Stat_Matrix!$E$2:$N$7, 9, FALSE) + (VLOOKUP(B26, Stat_Matrix!$A$2:$C$5, 3, FALSE) * VLOOKUP(C26, Stat_Matrix!$P$2:$Y$7, 9, FALSE)) + VLOOKUP(IF(ISBLANK(E26), "Balanced", E26), Stat_Matrix!$AG$2:$AP$6, 9, FALSE) -> 0 | N26: =VLOOKUP(C26, Stat_Matrix!$E$2:$N$7, 10, FALSE) + (VLOOKUP(B26, Stat_Matrix!$A$2:$C$5, 3, FALSE) * VLOOKUP(C26, Stat_Matrix!$P$2:$Y$7, 10, FALSE) + VLOOKUP(IF(ISBLANK(D26), "Character", D26), Stat_Matrix!$AA$2:$AE$4, 5, FALSE) + VLOOKUP(IF(ISBLANK(E26), "Balanced", E26), Stat_Matrix!$AG$2:$AP$6, 10, FALSE)) -> 14
A27: MarshalTianpeng | B27: =Character!C27 -> SSR | C27: =Character!D27 -> Tanker | D27: =Character!E27 -> Boss | E27: Heavy | F27: =ROUND(VLOOKUP(C27, Stat_Matrix!$E$2:$N$7, 2, FALSE) * VLOOKUP(B27, Stat_Matrix!$A$2:$B$5, 2, FALSE) * VLOOKUP(IF(ISBLANK(D27), "Character", D27), Stat_Matrix!$AA$2:$AD$4, 2, FALSE) * VLOOKUP(IF(ISBLANK(E27), "Balanced", E27), Stat_Matrix!$AG$2:$AP$6, 2, FALSE), 0) -> 8700 | G27: =ROUND(VLOOKUP(C27, Stat_Matrix!$E$2:$N$7, 3, FALSE) * VLOOKUP(B27, Stat_Matrix!$A$2:$B$5, 2, FALSE) * VLOOKUP(IF(ISBLANK(D27), "Character", D27), Stat_Matrix!$AA$2:$AD$4, 3, FALSE) * VLOOKUP(IF(ISBLANK(E27), "Balanced", E27), Stat_Matrix!$AG$2:$AP$6, 3, FALSE), 0) -> 1644 | H27: =ROUND(VLOOKUP(C27, Stat_Matrix!$E$2:$N$7, 4, FALSE) * VLOOKUP(B27, Stat_Matrix!$A$2:$B$5, 2, FALSE) * VLOOKUP(IF(ISBLANK(D27), "Character", D27), Stat_Matrix!$AA$2:$AD$4, 4, FALSE) * VLOOKUP(IF(ISBLANK(E27), "Balanced", E27), Stat_Matrix!$AG$2:$AP$6, 4, FALSE), 0) -> 685 | I27: =VLOOKUP(C27, Stat_Matrix!$E$2:$N$7, 5, FALSE) + (VLOOKUP(B27, Stat_Matrix!$A$2:$C$5, 3, FALSE) * VLOOKUP(C27, Stat_Matrix!$P$2:$Y$7, 5, FALSE)) + VLOOKUP(IF(ISBLANK(E27), "Balanced", E27), Stat_Matrix!$AG$2:$AP$6, 5, FALSE) -> 79 | J27: =VLOOKUP(C27, Stat_Matrix!$E$2:$N$7, 8, FALSE) + (VLOOKUP(B27, Stat_Matrix!$A$2:$C$5, 3, FALSE) * VLOOKUP(C27, Stat_Matrix!$P$2:$Y$7, 8, FALSE)) + VLOOKUP(IF(ISBLANK(E27), "Balanced", E27), Stat_Matrix!$AG$2:$AP$6, 8, FALSE) -> 15 | K27: 60 | L27: 100 | M27: 20 | N27: 25
A28: ThirdPrinceNezha_Boss | B28: =Character!C28 -> SSR | C28: =Character!D28 -> Assassin | D28: =Character!E28 -> Boss | E28: Offensive | F28: =ROUND(VLOOKUP(C28, Stat_Matrix!$E$2:$N$7, 2, FALSE) * VLOOKUP(B28, Stat_Matrix!$A$2:$B$5, 2, FALSE) * VLOOKUP(IF(ISBLANK(D28), "Character", D28), Stat_Matrix!$AA$2:$AD$4, 2, FALSE) * VLOOKUP(IF(ISBLANK(E28), "Balanced", E28), Stat_Matrix!$AG$2:$AP$6, 2, FALSE), 0) -> 4133 | G28: =ROUND(VLOOKUP(C28, Stat_Matrix!$E$2:$N$7, 3, FALSE) * VLOOKUP(B28, Stat_Matrix!$A$2:$B$5, 2, FALSE) * VLOOKUP(IF(ISBLANK(D28), "Character", D28), Stat_Matrix!$AA$2:$AD$4, 3, FALSE) * VLOOKUP(IF(ISBLANK(E28), "Balanced", E28), Stat_Matrix!$AG$2:$AP$6, 3, FALSE), 0) -> 4307 | H28: =ROUND(VLOOKUP(C28, Stat_Matrix!$E$2:$N$7, 4, FALSE) * VLOOKUP(B28, Stat_Matrix!$A$2:$B$5, 2, FALSE) * VLOOKUP(IF(ISBLANK(D28), "Character", D28), Stat_Matrix!$AA$2:$AD$4, 4, FALSE) * VLOOKUP(IF(ISBLANK(E28), "Balanced", E28), Stat_Matrix!$AG$2:$AP$6, 4, FALSE), 0) -> 331 | I28: =VLOOKUP(C28, Stat_Matrix!$E$2:$N$7, 5, FALSE) + (VLOOKUP(B28, Stat_Matrix!$A$2:$C$5, 3, FALSE) * VLOOKUP(C28, Stat_Matrix!$P$2:$Y$7, 5, FALSE)) + VLOOKUP(IF(ISBLANK(E28), "Balanced", E28), Stat_Matrix!$AG$2:$AP$6, 5, FALSE) -> 111 | J28: =VLOOKUP(C28, Stat_Matrix!$E$2:$N$7, 8, FALSE) + (VLOOKUP(B28, Stat_Matrix!$A$2:$C$5, 3, FALSE) * VLOOKUP(C28, Stat_Matrix!$P$2:$Y$7, 8, FALSE)) + VLOOKUP(IF(ISBLANK(E28), "Balanced", E28), Stat_Matrix!$AG$2:$AP$6, 8, FALSE) -> 21 | K28: 60 | L28: 100 | M28: 20 | N28: 25
A29: BullDemonKing_Boss | B29: =Character!C29 -> SSR | C29: =Character!D29 -> Tanker | D29: =Character!E29 -> Boss | E29: Defensive | F29: =ROUND(VLOOKUP(C29, Stat_Matrix!$E$2:$N$7, 2, FALSE) * VLOOKUP(B29, Stat_Matrix!$A$2:$B$5, 2, FALSE) * VLOOKUP(IF(ISBLANK(D29), "Character", D29), Stat_Matrix!$AA$2:$AD$4, 2, FALSE) * VLOOKUP(IF(ISBLANK(E29), "Balanced", E29), Stat_Matrix!$AG$2:$AP$6, 2, FALSE), 0) -> 10005 | G29: =ROUND(VLOOKUP(C29, Stat_Matrix!$E$2:$N$7, 3, FALSE) * VLOOKUP(B29, Stat_Matrix!$A$2:$B$5, 2, FALSE) * VLOOKUP(IF(ISBLANK(D29), "Character", D29), Stat_Matrix!$AA$2:$AD$4, 3, FALSE) * VLOOKUP(IF(ISBLANK(E29), "Balanced", E29), Stat_Matrix!$AG$2:$AP$6, 3, FALSE), 0) -> 1409 | H29: =ROUND(VLOOKUP(C29, Stat_Matrix!$E$2:$N$7, 4, FALSE) * VLOOKUP(B29, Stat_Matrix!$A$2:$B$5, 2, FALSE) * VLOOKUP(IF(ISBLANK(D29), "Character", D29), Stat_Matrix!$AA$2:$AD$4, 4, FALSE) * VLOOKUP(IF(ISBLANK(E29), "Balanced", E29), Stat_Matrix!$AG$2:$AP$6, 4, FALSE), 0) -> 718 | I29: =VLOOKUP(C29, Stat_Matrix!$E$2:$N$7, 5, FALSE) + (VLOOKUP(B29, Stat_Matrix!$A$2:$C$5, 3, FALSE) * VLOOKUP(C29, Stat_Matrix!$P$2:$Y$7, 5, FALSE)) + VLOOKUP(IF(ISBLANK(E29), "Balanced", E29), Stat_Matrix!$AG$2:$AP$6, 5, FALSE) -> 84 | J29: =VLOOKUP(C29, Stat_Matrix!$E$2:$N$7, 8, FALSE) + (VLOOKUP(B29, Stat_Matrix!$A$2:$C$5, 3, FALSE) * VLOOKUP(C29, Stat_Matrix!$P$2:$Y$7, 8, FALSE)) + VLOOKUP(IF(ISBLANK(E29), "Balanced", E29), Stat_Matrix!$AG$2:$AP$6, 8, FALSE) -> 0 | K29: 60 | L29: 100 | M29: 20 | N29: 25
A30: ErlangShen_Boss | B30: =Character!C30 -> UR | C30: =Character!D30 -> Fighter | D30: =Character!E30 -> Boss | E30: Balanced | F30: =ROUND(VLOOKUP(C30, Stat_Matrix!$E$2:$N$7, 2, FALSE) * VLOOKUP(B30, Stat_Matrix!$A$2:$B$5, 2, FALSE) * VLOOKUP(IF(ISBLANK(D30), "Character", D30), Stat_Matrix!$AA$2:$AD$4, 2, FALSE) * VLOOKUP(IF(ISBLANK(E30), "Balanced", E30), Stat_Matrix!$AG$2:$AP$6, 2, FALSE), 0) -> 7013 | G30: =ROUND(VLOOKUP(C30, Stat_Matrix!$E$2:$N$7, 3, FALSE) * VLOOKUP(B30, Stat_Matrix!$A$2:$B$5, 2, FALSE) * VLOOKUP(IF(ISBLANK(D30), "Character", D30), Stat_Matrix!$AA$2:$AD$4, 3, FALSE) * VLOOKUP(IF(ISBLANK(E30), "Balanced", E30), Stat_Matrix!$AG$2:$AP$6, 3, FALSE), 0) -> 3366 | H30: =ROUND(VLOOKUP(C30, Stat_Matrix!$E$2:$N$7, 4, FALSE) * VLOOKUP(B30, Stat_Matrix!$A$2:$B$5, 2, FALSE) * VLOOKUP(IF(ISBLANK(D30), "Character", D30), Stat_Matrix!$AA$2:$AD$4, 4, FALSE) * VLOOKUP(IF(ISBLANK(E30), "Balanced", E30), Stat_Matrix!$AG$2:$AP$6, 4, FALSE), 0) -> 561 | I30: =VLOOKUP(C30, Stat_Matrix!$E$2:$N$7, 5, FALSE) + (VLOOKUP(B30, Stat_Matrix!$A$2:$C$5, 3, FALSE) * VLOOKUP(C30, Stat_Matrix!$P$2:$Y$7, 5, FALSE)) + VLOOKUP(IF(ISBLANK(E30), "Balanced", E30), Stat_Matrix!$AG$2:$AP$6, 5, FALSE) -> 96 | J30: =VLOOKUP(C30, Stat_Matrix!$E$2:$N$7, 8, FALSE) + (VLOOKUP(B30, Stat_Matrix!$A$2:$C$5, 3, FALSE) * VLOOKUP(C30, Stat_Matrix!$P$2:$Y$7, 8, FALSE)) + VLOOKUP(IF(ISBLANK(E30), "Balanced", E30), Stat_Matrix!$AG$2:$AP$6, 8, FALSE) -> 11 | K30: 60 | L30: 100 | M30: 20 | N30: 25
A31: LiJing_Boss | B31: =Character!C31 -> SSR | C31: =Character!D31 -> Tanker | D31: =Character!E31 -> Boss | E31: Defensive | F31: =ROUND(VLOOKUP(C31, Stat_Matrix!$E$2:$N$7, 2, FALSE) * VLOOKUP(B31, Stat_Matrix!$A$2:$B$5, 2, FALSE) * VLOOKUP(IF(ISBLANK(D31), "Character", D31), Stat_Matrix!$AA$2:$AD$4, 2, FALSE) * VLOOKUP(IF(ISBLANK(E31), "Balanced", E31), Stat_Matrix!$AG$2:$AP$6, 2, FALSE), 0) -> 10005 | G31: =ROUND(VLOOKUP(C31, Stat_Matrix!$E$2:$N$7, 3, FALSE) * VLOOKUP(B31, Stat_Matrix!$A$2:$B$5, 2, FALSE) * VLOOKUP(IF(ISBLANK(D31), "Character", D31), Stat_Matrix!$AA$2:$AD$4, 3, FALSE) * VLOOKUP(IF(ISBLANK(E31), "Balanced", E31), Stat_Matrix!$AG$2:$AP$6, 3, FALSE), 0) -> 1409 | H31: =ROUND(VLOOKUP(C31, Stat_Matrix!$E$2:$N$7, 4, FALSE) * VLOOKUP(B31, Stat_Matrix!$A$2:$B$5, 2, FALSE) * VLOOKUP(IF(ISBLANK(D31), "Character", D31), Stat_Matrix!$AA$2:$AD$4, 4, FALSE) * VLOOKUP(IF(ISBLANK(E31), "Balanced", E31), Stat_Matrix!$AG$2:$AP$6, 4, FALSE), 0) -> 718 | I31: =VLOOKUP(C31, Stat_Matrix!$E$2:$N$7, 5, FALSE) + (VLOOKUP(B31, Stat_Matrix!$A$2:$C$5, 3, FALSE) * VLOOKUP(C31, Stat_Matrix!$P$2:$Y$7, 5, FALSE)) + VLOOKUP(IF(ISBLANK(E31), "Balanced", E31), Stat_Matrix!$AG$2:$AP$6, 5, FALSE) -> 84 | J31: =VLOOKUP(C31, Stat_Matrix!$E$2:$N$7, 8, FALSE) + (VLOOKUP(B31, Stat_Matrix!$A$2:$C$5, 3, FALSE) * VLOOKUP(C31, Stat_Matrix!$P$2:$Y$7, 8, FALSE)) + VLOOKUP(IF(ISBLANK(E31), "Balanced", E31), Stat_Matrix!$AG$2:$AP$6, 8, FALSE) -> 0 | K31: 60 | L31: 100 | M31: 20 | N31: 25
A32: ThirdDragonPrince | B32: =Character!C32 -> UR | C32: =Character!D32 -> Fighter | D32: =Character!E32 -> Boss | E32: Balanced | F32: 14500 | G32: 3600 | H32: 580 | I32: 98 | J32: 15 | K32: 60 | L32: 100 | M32: 20 | N32: 25

Sheet SkillConfig
A1: ID | B1: Name | C1: Des | D1: Type | E1: DamageMultiplier | F1: MaxCooldown | G1: SkillType | H1: TargetType | I1: Effect | J1: Sound | K1: PassiveID
A2: SunWukong_B | B2: SunWukong_B_Name | C2: SunWukong_B_Des | D2: Melee | E2: 0.8, 0.9, 1.0 | F2: 0, 0, 0 | G2: BasicAttack | H2: SingleEnemy | I2: None | J2: SunWukong_Attack | K2: None
A3: SunWukong_M | B3: SunWukong_M_Name | C3: SunWukong_M_Des | D3: Summon | E3: 0.6, 0.75, 0.9 | F3: 4.0, 4.0, 3.0 | G3: ActiveSkill | H3: AllEnemies | I3: None | J3: Wind_Blow | K3: psv_sunwukong_major
A4: SunWukong_U | B4: SunWukong_U_Name | C4: SunWukong_U_Des | D4: EmpowerAttack | E4: 2.0, 2.2, 2.5 | F4: 5.0, 5.0, 4.0 | G4: ActiveSkill | H4: SingleEnemy | I4: None | J4: SunWukong_Main | K4: None
A5: TangSanZang_B | B5: TangSanZang_B_Name | C5: TangSanZang_B_Des | D5: Range | E5: 0.8, 1, 1.2 | F5: 0, 0, 0 | G5: BasicAttack | H5: SingleEnemy | I5: None | J5: TangSanZang_Attack | K5: None
A6: TangSanZang_M | B6: TangSanZang_M_Name | C6: TangSanZang_M_Des | D6: StatModifier | E6: 0, 0, 0 | F6: 4.0, 4.0, 3.0 | G6: NonAttackSkill | H6: SameRowAllies | I6: EFF_Tang_Buff_ATK | J6: TangSanZang_Major | K6: None
A7: TangSanZang_U | B7: TangSanZang_U_Name | C7: TangSanZang_U_Des | D7: EmpowerAttack | E7: 1.5, 1.8, 1.8 | F7: 5.0, 5.0, 4.0 | G7: ActiveSkill | H7: SingleEnemy | I7: EFF_Stun_def | J7: TangSanZang_Main | K7: None
A8: ZhuBaJie_B | B8: ZhuBaJie_B_Name | C8: ZhuBaJie_B_Des | D8: Melee | E8: 0.8, 1, 1.2 | F8: 0, 0, 0 | G8: BasicAttack | H8: SingleEnemy | I8: None | J8: ZhuBaJie_Attack | K8: None
A9: ZhuBaJie_M | B9: ZhuBaJie_M_Name | C9: ZhuBaJie_M_Des | D9: BuffShield | E9: 0.25, 0.3, 0.35 | F9: 4.0, 4.0, 3.0 | G9: NonAttackSkill | H9: Self | I9: None | J9: ZhuBaJie_Major | K9: None
A10: ZhuBaJie_U | B10: ZhuBaJie_U_Name | C10: ZhuBaJie_U_Des | D10: EmpowerAttack | E10: 1.4, 1.6, 1.8 | F10: 5.0, 5.0, 4.0 | G10: ActiveSkill | H10: SingleEnemy | I10: EFF_Zhu_DefShred | J10: ZhuBaJie_Main | K10: None
A11: ShaWujing_B | B11: ShaWujing_B_Name | C11: ShaWujing_B_Des | D11: Melee | E11: 0.8, 1, 1.2 | F11: 0, 0, 0 | G11: BasicAttack | H11: SingleEnemy | I11: None | J11: ShaWujing_Attack | K11: None
A12: ShaWujing_M | B12: ShaWujing_M_Name | C12: ShaWujing_M_Des | D12: Healing | E12: 1, 1.5, 1.5 | F12: 4.0, 4.0, 3.0 | G12: NonAttackSkill | H12: Self | I12: EFF_BufDEF_def | J12: ShaWujing_Major | K12: None
A13: ShaWujing_U | B13: ShaWujing_U_Name | C13: ShaWujing_U_Des | D13: EmpowerAttack | E13: 1.5, 1.8, 1.8 | F13: 5.0, 5.0, 4.0 | G13: ActiveSkill | H13: SingleEnemy | I13: EFF_DefSpd_def | J13: ShaWujing_Main | K13: None
A14: DragonKing_B | B14: DragonKing_B_Name | C14: DragonKing_B_Des | D14: Melee | E14: 0.8, 1, 1.2 | F14: 0, 0, 0 | G14: BasicAttack | H14: SingleEnemy | I14: None | K14: None
A15: DragonKing_M | B15: DragonKing_M_Name | C15: DragonKing_M_Des | D15: None | E15: 1, 1.5, 1.5 | F15: 4.0, 4.0, 3.0 | G15: ActiveSkill | H15: SingleEnemy | I15: None | K15: None
A16: DragonKing_U | B16: DragonKing_U_Name | C16: DragonKing_U_Des | D16: None | E16: 1.5, 1.8, 1.8 | F16: 5.0, 5.0, 4.0 | G16: ActiveSkill | H16: SingleEnemy | I16: None | K16: None
A17: ThirdPrinceNezha_B | B17: ThirdPrinceNezha_B_Name | C17: ThirdPrinceNezha_B_Des | D17: Melee | E17: 0.8, 0.9, 1.0 | F17: 0, 0, 0 | G17: BasicAttack | H17: SingleEnemy | I17: None | J17: ThirdPrinceNezha_Attack | K17: None
A18: ThirdPrinceNezha_M | B18: ThirdPrinceNezha_M_Name | C18: ThirdPrinceNezha_M_Des | D18: FireRing | E18: 0.4, 0.5, 0.6 | F18: 4.0, 4.0, 3.0 | G18: ActiveSkill | H18: SingleEnemy | I18: None | J18: ThirdPrinceNezha_Major | K18: None
A19: ThirdPrinceNezha_U | B19: ThirdPrinceNezha_U_Name | C19: ThirdPrinceNezha_U_Des | D19: NezhaExecution | E19: 1.4, 1.6, 1.8 | F19: 5.0, 5.0, 4.0 | G19: ActiveSkill | H19: SingleEnemy | I19: None | J19: ThirdPrinceNezha_Main | K19: psv_nezha_ultimate
A20: LittleWhiteDragon_B | B20: LittleWhiteDragon_B_Name | C20: LittleWhiteDragon_B_Des | D20: Melee | E20: 0.8, 1, 1.2 | F20: 0, 0, 0 | G20: BasicAttack | H20: SingleEnemy | I20: None | J20: LittleWhiteDragon_Attack | K20: None
A21: LittleWhiteDragon_M | B21: LittleWhiteDragon_M_Name | C21: LittleWhiteDragon_M_Des | D21: ThunderBall | E21: 1, 1.5, 1.5 | F21: 4.0, 4.0, 3.0 | G21: ActiveSkill | H21: SingleEnemy | I21: EFF_Dragon_Speed | J21: LittleWhiteDragon_Major | K21: None
A22: LittleWhiteDragon_U | B22: LittleWhiteDragon_U_Name | C22: LittleWhiteDragon_U_Des | D22: EmpowerAttack | E22: 1.5, 1.8, 1.8 | F22: 5.0, 5.0, 4.0 | G22: ActiveSkill | H22: SingleEnemy | I22: None | J22: LittleWhiteDragon_Main | K22: None
A23: BullDemonKing_B | B23: BullDemonKing_B_Name | C23: BullDemonKing_B_Des | D23: Melee | E23: 1, 1.2, 1.5 | F23: 0, 0, 0 | G23: BasicAttack | H23: SingleEnemy | I23: None | J23: VanguardTiger_Attack | K23: psv_bulldemonking_counter
A24: BullDemonKing_M | B24: BullDemonKing_M_Name | C24: BullDemonKing_M_Des | D24: StatModifier | E24: 0.3, 0.4, 0.5 | F24: 4.0, 4.0, 3.0 | G24: ActiveSkill | H24: Self | I24: EFF_Bull_Buff_ATK | J24: BullDemonKing_Major | K24: None
A25: BullDemonKing_U | B25: BullDemonKing_U_Name | C25: BullDemonKing_U_Des | D25: PoisonBall | E25: 2.5, 3.0, 3.5 | F25: 5.0, 5.0, 4.0 | G25: ActiveSkill | H25: SingleEnemy | I25: EFF_Bull_Poison | J25: BullDemonKing_Main | K25: None
A26: ErlangShen_B | B26: ErlangShen_B_Name | C26: ErlangShen_B_Des | D26: Melee | E26: 0.8, 0.9, 1.0 | F26: 0, 0, 0 | G26: BasicAttack | H26: SingleEnemy | I26: None | J26: ThirdPrinceNezha_Attack | K26: None
A27: ErlangShen_M | B27: ErlangShen_M_Name | C27: ErlangShen_M_Des | D27: MajorAttack | E27: 1.2, 1.4, 1.6 | F27: 4.0, 4.0, 3.0 | G27: ActiveSkill | H27: SingleEnemy | I27: None | J27: ErlangShen_Major | K27: psv_erlangshen_major
A28: ErlangShen_U | B28: ErlangShen_U_Name | C28: ErlangShen_U_Des | D28: MoonBlade | E28: 1, 1.2, 1.5 | F28: 5.0, 5.0, 4.0 | G28: ActiveSkill | H28: SingleEnemy | I28: None | J28: ErlangShen_Ultimate | K28: psv_erlangshen_ultimate
A29: GuanyinBodhisattva_B | B29: GuanyinBodhisattva_B_Name | C29: GuanyinBodhisattva_B_Des | D29: Range | E29: 0.8, 1, 1.2 | F29: 0, 0, 0 | G29: BasicAttack | H29: SingleEnemy | I29: None | K29: None
A30: GuanyinBodhisattva_M | B30: GuanyinBodhisattva_M_Name | C30: GuanyinBodhisattva_M_Des | D30: None | E30: 1, 1.5, 1.5 | F30: 4.0, 4.0, 3.0 | G30: ActiveSkill | H30: SingleEnemy | I30: None | K30: None
A31: GuanyinBodhisattva_U | B31: GuanyinBodhisattva_U_Name | C31: GuanyinBodhisattva_U_Des | D31: None | E31: 1.5, 1.8, 1.8 | F31: 5.0, 5.0, 4.0 | G31: ActiveSkill | H31: SingleEnemy | I31: None | K31: None
A32: VanguardTiger_B | B32: VanguardTiger_B_Name | C32: VanguardTiger_B_Des | D32: Melee | E32: 1, 1, 1 | F32: 0, 0, 0 | G32: BasicAttack | H32: SingleEnemy | I32: None | J32: VanguardTiger_Attack | K32: None
A33: TheBoySage_B | B33: TheBoySage_B_Name | C33: TheBoySage_B_Des | D33: Melee | E33: 0.8, 1.0, 1.2 | F33: 0, 0, 0 | G33: BasicAttack | H33: SingleEnemy | I33: None | J33: TheBoySage_Attack | K33: None
A34: TheBoySage_M | B34: TheBoySage_M_Name | C34: TheBoySage_M_Des | D34: FireBall | E34: 1.0, 1.2, 1.4 | F34: 4.0, 4.0, 3.0 | G34: ActiveSkill | H34: SingleEnemy | I34: EFF_Burn_def | J34: TheBoySage_Major | K34: None
A35: TheBoySage_U | B35: TheBoySage_U_Name | C35: TheBoySage_U_Des | D35: EmpowerAttack | E35: 1.2, 1.5, 1.8 | F35: 5.0, 5.0, 4.0 | G35: ActiveSkill | H35: SingleEnemy | I35: EFF_Burn_def | J35: TheBoySage_Main | K35: psv_theboysage_ultimate
A36: GoldHornKing_B | B36: GoldHornKing_B_Name | C36: GoldHornKing_B_Des | D36: Melee | E36: 0.8, 1, 1.2 | F36: 0, 0, 0 | G36: BasicAttack | H36: SingleEnemy | I36: None | J36: GoldHornKing_Attack | K36: None
A37: GoldHornKing_M | B37: GoldHornKing_M_Name | C37: GoldHornKing_M_Des | D37: MajorAttack | E37: 1, 1.5, 1.5 | F37: 4.0, 4.0, 3.0 | G37: ActiveSkill | H37: SingleEnemy | I37: None | J37: GoldHornKing_Major | K37: None
A38: GoldHornKing_U | B38: GoldHornKing_U_Name | C38: GoldHornKing_U_Des | D38: EmpowerAttack | E38: 1.5, 1.8, 1.8 | F38: 5.0, 5.0, 4.0 | G38: ActiveSkill | H38: SingleEnemy | I38: None | J38: GoldHornKing_Main | K38: None
A39: SilverHornKing_B | B39: SilverHornKing_B_Name | C39: SilverHornKing_B_Des | D39: Melee | E39: 0.8, 1, 1.2 | F39: 0, 0, 0 | G39: BasicAttack | H39: SingleEnemy | I39: None | J39: SilverHornKing_Attack | K39: None
A40: SilverHornKing_M | B40: SilverHornKing_M_Name | C40: SilverHornKing_M_Des | D40: Torando | E40: 1, 1.5, 1.5 | F40: 4.0, 4.0, 3.0 | G40: ActiveSkill | H40: SingleEnemy | I40: None | J40: SilverHornKing_Major | K40: None
A41: SilverHornKing_U | B41: SilverHornKing_U_Name | C41: SilverHornKing_U_Des | D41: EmpowerAttack | E41: 1.5, 1.8, 1.8 | F41: 5.0, 5.0, 4.0 | G41: ActiveSkill | H41: SingleEnemy | I41: None | J41: GoldHornKing_Main | K41: None
A42: YellowWindMonster_B | B42: YellowWindMonster_B_Name | C42: YellowWindMonster_B_Des | D42: Melee | E42: 0.8, 1, 1.2 | F42: 0, 0, 0 | G42: BasicAttack | H42: SingleEnemy | I42: None | J42: YellowWindMonster_Attack | K42: None
A43: YellowWindMonster_M | B43: YellowWindMonster_M_Name | C43: YellowWindMonster_M_Des | D43: Suriken | E43: 1, 1.5, 1.5 | F43: 4.0, 4.0, 3.0 | G43: ActiveSkill | H43: SingleEnemy | I43: None | J43: YellowWindMonster_Major | K43: None
... A47: GoldfishDemon_U | B47: GoldfishDemon_U_Name | C47: GoldfishDemon_U_Des | D47: EmpowerAttack | E47: 1.8, 2.0, 2.3 | F47: 4, 4, 4 | G47: ActiveSkill | H47: SingleEnemy | I47: EFF_Stun_def | J47: GoldfishDemon_Main | K47: None
A48: None_Skill | B48: None_Skill_Name | C48: None_Skill_Des | D48: None | E48: 0, 0, 0 | F48: 0, 0, 0 | G48: NonAttackSkill | H48: SingleEnemy | I48: None | K48: None
A49: HeavenlySoddier_B | B49: HeavenlySoddier_B_Name | C49: HeavenlySoddier_B_Des | D49: Melee | E49: 1, 1, 1 | F49: 0, 0, 0 | G49: BasicAttack | H49: SingleEnemy | I49: None | J49: ThirdPrinceNezha_Attack | K49: None
A50: YoungBufflalo_B | B50: YoungBufflalo_B_Name | C50: YoungBufflalo_B_Des | D50: Melee | E50: 1, 1, 1 | F50: 0, 0, 0 | G50: BasicAttack | H50: SingleEnemy | I50: None | J50: ThirdPrinceNezha_Attack | K50: None
A51: Minions_B | B51: Minions_B_Name | C51: Minions_B_Des | D51: Melee | E51: 1, 1, 1 | F51: 0, 0, 0 | G51: BasicAttack | H51: SingleEnemy | I51: None | J51: VanguardTiger_Attack | K51: None
A52: RatMonster_B | B52: RatMonster_B_Name | C52: RatMonster_B_Des | D52: Melee | E52: 1, 1, 1 | F52: 0, 0, 0 | G52: BasicAttack | H52: SingleEnemy | I52: None | J52: ThirdPrinceNezha_Attack | K52: None
A53: CrabSolider_B | B53: CrabSolider_B_Name | C53: CrabSolider_B_Des | D53: Melee | E53: 1, 1, 1 | F53: 0, 0, 0 | G53: BasicAttack | H53: SingleEnemy | I53: None | J53: VanguardTiger_Attack | K53: None
A54: SquidSolider_B | B54: SquidSolider_B_Name | C54: SquidSolider_B_Des | D54: Melee | E54: 1, 1, 1 | F54: 0, 0, 0 | G54: BasicAttack | H54: SingleEnemy | I54: None | J54: ThirdPrinceNezha_Attack | K54: None
A55: Benborba_B | B55: Benborba_B_Name | C55: Benborba_B_Des | D55: Melee | E55: 1, 1, 1 | F55: 0, 0, 0 | G55: BasicAttack | H55: SingleEnemy | I55: None | J55: VanguardTiger_Attack | K55: None
A56: Baborben_B | B56: Baborben_B_Name | C56: Baborben_B_Des | D56: Melee | E56: 1, 1, 1 | F56: 0, 0, 0 | G56: BasicAttack | H56: SingleEnemy | I56: None | J56: VanguardTiger_Attack | K56: None
A57: LiJing_B | B57: LiJing_B_Name | C57: LiJing_B_Des | D57: Melee | E57: 1, 1.2, 1.5 | F57: 0, 0, 0 | G57: BasicAttack | H57: SingleEnemy | I57: None | J57: LiJing_Attack | K57: psv_lijing_base
A58: LiJing_M | B58: LiJing_M_Name | C58: LiJing_M_Des | D58: BuffShield | E58: 0.15, 0.2, 0.25 | F58: 4, 4, 3 | G58: NonAttackSkill | H58: SameRowAllies | I58: None | J58: LiJing_Major | K58: None
A59: LiJing_U | B59: LiJing_U_Name | C59: LiJing_U_Des | D59: EmpowerAttack | E59: 2.2, 2.5, 3.0 | F59: 5, 5, 4 | G59: ActiveSkill | H59: SingleEnemy | I59: None | J59: LiJing_Ultimate | K59: psv_lijing_ultimate
A60: MarshalTianpeng_B | B60: MarshalTianpeng_B_Name | C60: MarshalTianpeng_B_Des | D60: Melee | E60: 0.8, 1, 1.2 | F60: 0, 0, 0 | G60: BasicAttack | H60: SingleEnemy | I60: None | J60: ZhuBaJie_Attack | K60: None
... A65: ThirdDragonPrince_U | B65: ThirdDragonPrince_U_Name | C65: ThirdDragonPrince_U_Des | D65: EmpowerAttack | E65: 1.8, 2.0, 2.3 | F65: 4, 4, 4 | G65: ActiveSkill | H65: SingleEnemy | I65: EFF_Frozen_def | J65: ThirdDragonPrince_Ultimate | K65: None

Sheet CharacterUpgrade
A1: ID | B1: hp | C1: atk | D1: def
A2: SunWukong | B2: =ROUND(CharacterStat!F2 * 0.05, 0) -> 222 | C2: =ROUND(CharacterStat!G2 * 0.05, 0) -> 154 | D2: =ROUND(CharacterStat!H2 * 0.05, 0) -> 22
A3: TangSanZang | B3: =ROUND(CharacterStat!F3 * 0.05, 0) -> 113 | C3: =ROUND(CharacterStat!G3 * 0.05, 0) -> 105 | D3: =ROUND(CharacterStat!H3 * 0.05, 0) -> 11
A4: ZhuBaJie | B4: =ROUND(CharacterStat!F4 * 0.05, 0) -> 240 | C4: =ROUND(CharacterStat!G4 * 0.05, 0) -> 54 | D4: =ROUND(CharacterStat!H4 * 0.05, 0) -> 23
A5: ShaWujing | B5: =ROUND(CharacterStat!F5 * 0.05, 0) -> 276 | C5: =ROUND(CharacterStat!G5 * 0.05, 0) -> 49 | D5: =ROUND(CharacterStat!H5 * 0.05, 0) -> 25
A6: DragonKing | B6: =ROUND(CharacterStat!F6 * 0.05, 0) -> 207 | C6: =ROUND(CharacterStat!G6 * 0.05, 0) -> 57 | D6: =ROUND(CharacterStat!H6 * 0.05, 0) -> 17
A7: ThirdPrinceNezha | B7: =ROUND(CharacterStat!F7 * 0.05, 0) -> 138 | C7: =ROUND(CharacterStat!G7 * 0.05, 0) -> 179 | D7: =ROUND(CharacterStat!H7 * 0.05, 0) -> 14
A8: LittleWhiteDragon | B8: =ROUND(CharacterStat!F8 * 0.05, 0) -> 105 | C8: =ROUND(CharacterStat!G8 * 0.05, 0) -> 105 | D8: =ROUND(CharacterStat!H8 * 0.05, 0) -> 10
A9: BullDemonKing | B9: =ROUND(CharacterStat!F9 * 0.05, 0) -> 334 | C9: =ROUND(CharacterStat!G9 * 0.05, 0) -> 59 | D9: =ROUND(CharacterStat!H9 * 0.05, 0) -> 30
A10: ErlangShen | B10: =ROUND(CharacterStat!F10 * 0.05, 0) -> 234 | C10: =ROUND(CharacterStat!G10 * 0.05, 0) -> 140 | D10: =ROUND(CharacterStat!H10 * 0.05, 0) -> 23
A11: GuanyinBodhisattva | B11: =ROUND(CharacterStat!F11 * 0.05, 0) -> 191 | C11: =ROUND(CharacterStat!G11 * 0.05, 0) -> 179 | D11: =ROUND(CharacterStat!H11 * 0.05, 0) -> 18
A12: VanguardTiger | B12: =ROUND(CharacterStat!F12 * 0.05, 0) -> 196 | C12: =ROUND(CharacterStat!G12 * 0.05, 0) -> 109 | D12: =ROUND(CharacterStat!H12 * 0.05, 0) -> 16
A13: TheBoySage | B13: =ROUND(CharacterStat!F13 * 0.05, 0) -> 255 | C13: =ROUND(CharacterStat!G13 * 0.05, 0) -> 230 | D13: =ROUND(CharacterStat!H13 * 0.05, 0) -> 20
... A16: YellowWindMonster | B16: =ROUND(CharacterStat!F16 * 0.05, 0) -> 333 | C16: =ROUND(CharacterStat!G16 * 0.05, 0) -> 185 | D16: =ROUND(CharacterStat!H16 * 0.05, 0) -> 27
A17: GoldfishDemon | B17: 568 | C17: 168 | D17: 26
A18: HeavenlySoddier | B18: =ROUND(CharacterStat!F18 * 0.05, 0) -> 138 | C18: =ROUND(CharacterStat!G18 * 0.05, 0) -> 116 | D18: =ROUND(CharacterStat!H18 * 0.05, 0) -> 17
A19: YoungBufflalo | B19: =ROUND(CharacterStat!F19 * 0.05, 0) -> 138 | C19: =ROUND(CharacterStat!G19 * 0.05, 0) -> 116 | D19: =ROUND(CharacterStat!H19 * 0.05, 0) -> 17
A20: Minions | B20: =ROUND(CharacterStat!F20 * 0.05, 0) -> 138 | C20: =ROUND(CharacterStat!G20 * 0.05, 0) -> 116 | D20: =ROUND(CharacterStat!H20 * 0.05, 0) -> 17
A21: RatMonster | B21: =ROUND(CharacterStat!F21 * 0.05, 0) -> 131 | C21: =ROUND(CharacterStat!G21 * 0.05, 0) -> 110 | D21: =ROUND(CharacterStat!H21 * 0.05, 0) -> 16
A22: CrabSolider | B22: =ROUND(CharacterStat!F22 * 0.05, 0) -> 158 | C22: =ROUND(CharacterStat!G22 * 0.05, 0) -> 104 | D22: =ROUND(CharacterStat!H22 * 0.05, 0) -> 18
A23: SquidSolider | B23: =ROUND(CharacterStat!F23 * 0.05, 0) -> 138 | C23: =ROUND(CharacterStat!G23 * 0.05, 0) -> 121 | D23: =ROUND(CharacterStat!H23 * 0.05, 0) -> 17
A24: Benborba | B24: =ROUND(CharacterStat!F24 * 0.05, 0) -> 138 | C24: =ROUND(CharacterStat!G24 * 0.05, 0) -> 116 | D24: =ROUND(CharacterStat!H24 * 0.05, 0) -> 17
A25: Baborben | B25: =ROUND(CharacterStat!F25 * 0.05, 0) -> 138 | C25: =ROUND(CharacterStat!G25 * 0.05, 0) -> 116 | D25: =ROUND(CharacterStat!H25 * 0.05, 0) -> 17
A26: LiJing | B26: =ROUND(CharacterStat!F26 * 0.05, 0) -> 334 | C26: =ROUND(CharacterStat!G26 * 0.05, 0) -> 59 | D26: =ROUND(CharacterStat!H26 * 0.05, 0) -> 30
A27: MarshalTianpeng | B27: =ROUND(CharacterStat!F27 * 0.05, 0) -> 435 | C27: =ROUND(CharacterStat!G27 * 0.05, 0) -> 82 | D27: =ROUND(CharacterStat!H27 * 0.05, 0) -> 34
A28: ThirdPrinceNezha_Boss | B28: =ROUND(CharacterStat!F28 * 0.05, 0) -> 207 | C28: =ROUND(CharacterStat!G28 * 0.05, 0) -> 215 | D28: =ROUND(CharacterStat!H28 * 0.05, 0) -> 17
A29: BullDemonKing_Boss | B29: =ROUND(CharacterStat!F29 * 0.05, 0) -> 500 | C29: =ROUND(CharacterStat!G29 * 0.05, 0) -> 70 | D29: =ROUND(CharacterStat!H29 * 0.05, 0) -> 36
... A31: LiJing_Boss | B31: =ROUND(CharacterStat!F31 * 0.05, 0) -> 500 | C31: =ROUND(CharacterStat!G31 * 0.05, 0) -> 70 | D31: =ROUND(CharacterStat!H31 * 0.05, 0) -> 36
A32: ThirdDragonPrince | B32: 725 | C32: 180 | D32: 29

Sheet CharacterAttribute
A1: ID | B1: Rare | C1: Type | D1: AttributeType | E1: StatLink | F1: StartPercent
A2: SunWukong | B2: UR | C2: Fighter | D2: hp | E2: HP | F2: 1.0
A3: TangSanZang | B3: R | C3: Mage | D3: hp | E3: HP | F3: 1.0
A4: ZhuBaJie | B4: SSR | C4: Tanker | D4: hp | E4: HP | F4: 1.0
A5: ShaWujing | B5: SR | C5: Support | D5: hp | E5: HP | F5: 1.0
A6: DragonKing | B6: SR | C6: Support | D6: hp | E6: HP | F6: 1.0
A7: ThirdPrinceNezha | B7: SSR | C7: Assassin | D7: hp | E7: HP | F7: 1.0
A8: LittleWhiteDragon | B8: SR | C8: ADCarry | D8: hp | E8: HP | F8: 1.0
A9: BullDemonKing | B9: UR | C9: Tanker | D9: hp | E9: HP | F9: 1.0
A10: ErlangShen | B10: UR | C10: Tanker | D10: hp | E10: HP | F10: 1.0
A11: GuanyinBodhisattva | B11: UR | C11: Mage | D11: hp | E11: HP | F11: 1.0
A12: VanguardTiger | B12: R | C12: Fighter | D12: hp | E12: HP | F12: 1.0
... A32: ThirdDragonPrince | B32: UR | C32: Fighter | D32: hp | E32: HP | F32: 1.0

Sheet ExpCurvesConfig
A1: Level | B1: Curve_R | C1: Curve_SR | D1: Curve_SSR | E1: Curve_UR | F1: Curve_R_up | G1: Curve_SR_up | H1: Curve_SSR_up | I1: Curve_UR_up
A2: 1 | B2: =ROUND( $N$3*POWER(A2-1,$N$4), 0) -> 0 | C2: =ROUND($O$3*POWER(A2 -1,$O$4), 0) -> 0 | D2: =ROUND($P$3 * POWER(A2 - 1, $P$4), 0) -> 0 | E2: =ROUND($Q$3 * POWER(A2 - 1, $Q$4), 0) -> 0 | F2: 0 | G2: 0 | H2: 0 | I2: 0 | N2: Curve_R | O2: Curve_SR | P2: Curve_SSR | Q2: Curve_UR
A3: 2 | B3: =ROUND( $N$3*POWER(A3-1,$N$4), 0) -> 100 | C3: =ROUND($O$3*POWER(A3 -1,$O$4), 0) -> 150 | D3: =ROUND($P$3 * POWER(A3 - 1, $P$4), 0) -> 200 | E3: =ROUND($Q$3 * POWER(A3 - 1, $Q$4), 0) -> 250 | F3: =B3-B2 -> 100 | G3: =C3-C2 -> 150 | H3: =D3-D2 -> 200 | I3: =E3-E2 -> 250 | M3: exp_base | N3: 100 | O3: 150 | P3: 200 | Q3: 250
A4: 3 | B4: =ROUND( $N$3*POWER(A4-1,$N$4), 0) -> 303 | C4: =ROUND($O$3*POWER(A4 -1,$O$4), 0) -> 487 | D4: =ROUND($P$3 * POWER(A4 - 1, $P$4), 0) -> 696 | E4: =ROUND($Q$3 * POWER(A4 - 1, $Q$4), 0) -> 933 | F4: =B4-B3 -> 203 | G4: =C4-C3 -> 337 | H4: =D4-D3 -> 496 | I4: =E4-E3 -> 683 | M4: exp_exponent | N4: 1.6 | O4: 1.7 | P4: 1.8 | Q4: 1.9
A5: 4 | B5: =ROUND( $N$3*POWER(A5-1,$N$4), 0) -> 580 | C5: =ROUND($O$3*POWER(A5 -1,$O$4), 0) -> 971 | D5: =ROUND($P$3 * POWER(A5 - 1, $P$4), 0) -> 1445 | E5: =ROUND($Q$3 * POWER(A5 - 1, $Q$4), 0) -> 2016 | F5: =B5-B4 -> 277 | G5: =C5-C4 -> 484 | H5: =D5-D4 -> 749 | I5: =E5-E4 -> 1083
A6: 5 | B6: =ROUND( $N$3*POWER(A6-1,$N$4), 0) -> 919 | C6: =ROUND($O$3*POWER(A6 -1,$O$4), 0) -> 1583 | D6: =ROUND($P$3 * POWER(A6 - 1, $P$4), 0) -> 2425 | E6: =ROUND($Q$3 * POWER(A6 - 1, $Q$4), 0) -> 3482 | F6: =B6-B5 -> 339 | G6: =C6-C5 -> 612 | H6: =D6-D5 -> 980 | I6: =E6-E5 -> 1466
A7: 6 | B7: =ROUND( $N$3*POWER(A7-1,$N$4), 0) -> 1313 | C7: =ROUND($O$3*POWER(A7 -1,$O$4), 0) -> 2314 | D7: =ROUND($P$3 * POWER(A7 - 1, $P$4), 0) -> 3624 | E7: =ROUND($Q$3 * POWER(A7 - 1, $Q$4), 0) -> 5321 | F7: =B7-B6 -> 394 | G7: =C7-C6 -> 731 | H7: =D7-D6 -> 1199 | I7: =E7-E6 -> 1839
A8: 7 | B8: =ROUND( $N$3*POWER(A8-1,$N$4), 0) -> 1758 | C8: =ROUND($O$3*POWER(A8 -1,$O$4), 0) -> 3155 | D8: =ROUND($P$3 * POWER(A8 - 1, $P$4), 0) -> 5032 | E8: =ROUND($Q$3 * POWER(A8 - 1, $Q$4), 0) -> 7524 | F8: =B8-B7 -> 445 | G8: =C8-C7 -> 841 | H8: =D8-D7 -> 1408 | I8: =E8-E7 -> 2203
A9: 8 | B9: =ROUND( $N$3*POWER(A9-1,$N$4), 0) -> 2250 | C9: =ROUND($O$3*POWER(A9 -1,$O$4), 0) -> 4100 | D9: =ROUND($P$3 * POWER(A9 - 1, $P$4), 0) -> 6641 | E9: =ROUND($Q$3 * POWER(A9 - 1, $Q$4), 0) -> 10084 | F9: =B9-B8 -> 492 | G9: =C9-C8 -> 945 | H9: =D9-D8 -> 1609 | I9: =E9-E8 -> 2560
A10: 9 | B10: =ROUND( $N$3*POWER(A10-1,$N$4), 0) -> 2786 | C10: =ROUND($O$3*POWER(A10 -1,$O$4), 0) -> 5145 | D10: =ROUND($P$3 * POWER(A10 - 1, $P$4), 0) -> 8445 | E10: =ROUND($Q$3 * POWER(A10 - 1, $Q$4), 0) -> 12996 | F10: =B10-B9 -> 536 | G10: =C10-C9 -> 1045 | H10: =D10-D9 -> 1804 | I10: =E10-E9 -> 2912
A11: 10 | B11: =ROUND( $N$3*POWER(A11-1,$N$4), 0) -> 3363 | C11: =ROUND($O$3*POWER(A11 -1,$O$4), 0) -> 6285 | D11: =ROUND($P$3 * POWER(A11 - 1, $P$4), 0) -> 10439 | E11: =ROUND($Q$3 * POWER(A11 - 1, $Q$4), 0) -> 16256 | F11: =B11-B10 -> 577 | G11: =C11-C10 -> 1140 | H11: =D11-D10 -> 1994 | I11: =E11-E10 -> 3260
A12: 11 | B12: =ROUND( $N$3*POWER(A12-1,$N$4), 0) -> 3981 | C12: =ROUND($O$3*POWER(A12 -1,$O$4), 0) -> 7518 | D12: =ROUND($P$3 * POWER(A12 - 1, $P$4), 0) -> 12619 | E12: =ROUND($Q$3 * POWER(A12 - 1, $Q$4), 0) -> 19858 | F12: =B12-B11 -> 618 | G12: =C12-C11 -> 1233 | H12: =D12-D11 -> 2180 | I12: =E12-E11 -> 3602
A13: 12 | B13: =ROUND( $N$3*POWER(A13-1,$N$4), 0) -> 4637 | C13: =ROUND($O$3*POWER(A13 -1,$O$4), 0) -> 8840 | D13: =ROUND($P$3 * POWER(A13 - 1, $P$4), 0) -> 14981 | E13: =ROUND($Q$3 * POWER(A13 - 1, $Q$4), 0) -> 23801 | F13: =B13-B12 -> 656 | G13: =C13-C12 -> 1322 | H13: =D13-D12 -> 2362 | I13: =E13-E12 -> 3943
A14: 13 | B14: =ROUND( $N$3*POWER(A14-1,$N$4), 0) -> 5330 | C14: =ROUND($O$3*POWER(A14 -1,$O$4), 0) -> 10249 | D14: =ROUND($P$3 * POWER(A14 - 1, $P$4), 0) -> 17521 | E14: =ROUND($Q$3 * POWER(A14 - 1, $Q$4), 0) -> 28079 | F14: =B14-B13 -> 693 | G14: =C14-C13 -> 1409 | H14: =D14-D13 -> 2540 | I14: =E14-E13 -> 4278
A15: 14 | B15: =ROUND( $N$3*POWER(A15-1,$N$4), 0) -> 6058 | C15: =ROUND($O$3*POWER(A15 -1,$O$4), 0) -> 11743 | D15: =ROUND($P$3 * POWER(A15 - 1, $P$4), 0) -> 20236 | E15: =ROUND($Q$3 * POWER(A15 - 1, $Q$4), 0) -> 32691 | F15: =B15-B14 -> 728 | G15: =C15-C14 -> 1494 | H15: =D15-D14 -> 2715 | I15: =E15-E14 -> 4612
A16: 15 | B16: =ROUND( $N$3*POWER(A16-1,$N$4), 0) -> 6820 | C16: =ROUND($O$3*POWER(A16 -1,$O$4), 0) -> 13320 | D16: =ROUND($P$3 * POWER(A16 - 1, $P$4), 0) -> 23124 | E16: =ROUND($Q$3 * POWER(A16 - 1, $Q$4), 0) -> 37634 | F16: =B16-B15 -> 762 | G16: =C16-C15 -> 1577 | H16: =D16-D15 -> 2888 | I16: =E16-E15 -> 4943
... A101: 100 | B101: =ROUND( $N$3*POWER(A101-1,$N$4), 0) -> 155961 | C101: =ROUND($O$3*POWER(A101 -1,$O$4), 0) -> 370400 | D101: =ROUND($P$3 * POWER(A101 - 1, $P$4), 0) -> 781940 | E101: =ROUND($Q$3 * POWER(A101 - 1, $Q$4), 0) -> 1547558 | F101: =B101-B100 -> 2513 | G101: =C101-C100 -> 6338 | H101: =D101-D100 -> 14160 | I101: =E101-E100 -> 29566

Sheet AscensionConfig
A1: ID | B1: Tier | C1: Required_Level | D1: Unlock_Max_Level | E1: Cost_Coin | F1: ItemID_01 | G1: Item_01_Qty
A2: ascension_r | B2: 1 | C2: 20 | D2: 40 | E2: 10000 | F2: Garnet_Gemstone | G2: 5
A3: ascension_r | B3: 2 | C3: 40 | D3: 60 | E3: 50000 | F3: Garnet_Gemstone | G3: 10
A4: ascension_r | B4: 3 | C4: 60 | D4: 80 | E4: 200000 | F4: Garnet_Gemstone | G4: 15
A5: ascension_r | B5: 4 | C5: 80 | D5: 100 | E5: 500000 | F5: Garnet_Gemstone | G5: 20
A6: ascension_r | B6: 5 | C6: 100 | D6: 100 | E6: 500000 | F6: Garnet_Gemstone | G6: 20
A7: ascension_sr | B7: 1 | C7: 20 | D7: 40 | E7: 10000 | F7: Garnet_Gemstone | G7: 5
A8: ascension_sr | B8: 2 | C8: 40 | D8: 60 | E8: 50000 | F8: Garnet_Gemstone | G8: 10
A9: ascension_sr | B9: 3 | C9: 60 | D9: 80 | E9: 200000 | F9: Garnet_Gemstone | G9: 15
A10: ascension_sr | B10: 4 | C10: 80 | D10: 100 | E10: 500000 | F10: Garnet_Gemstone | G10: 20
A11: ascension_sr | B11: 5 | C11: 100 | D11: 100 | E11: 500000 | F11: Garnet_Gemstone | G11: 20
A12: ascension_ssr | B12: 1 | C12: 20 | D12: 40 | E12: 10000 | F12: Garnet_Gemstone | G12: 5
A13: ascension_ssr | B13: 2 | C13: 40 | D13: 60 | E13: 50000 | F13: Garnet_Gemstone | G13: 10
... A41: ascension_legend | B41: 5 | C41: 100 | D41: 100 | E41: 500000 | F41: Garnet_Gemstone | G41: 20

Sheet StarUp
A1: ID | B1: Tier | C1: Cost_Coin | D1: Quanlity
A2: starup_r | B2: 1 | C2: 10000 | D2: 60
A3: starup_r | B3: 2 | C3: 20000 | D3: 120
A4: starup_r | B4: 3 | C4: 50000 | D4: 240
A5: starup_r | B5: 4 | C5: 100000 | D5: 420
A6: starup_r | B6: 5 | C6: 250000 | D6: 540
A7: starup_r | B7: 6 | C7: 500000 | D7: 600
A8: starup_sr | B8: 1 | C8: 10000 | D8: 60
A9: starup_sr | B9: 2 | C9: 20000 | D9: 120
A10: starup_sr | B10: 3 | C10: 50000 | D10: 240
A11: starup_sr | B11: 4 | C11: 100000 | D11: 360
A12: starup_sr | B12: 5 | C12: 250000 | D12: 420
A13: starup_sr | B13: 6 | C13: 500000 | D13: 480
... A25: starup_ur | B25: 6 | C25: 500000 | D25: 360

Sheet BattleConfig
A1: ID | B1: Name | C1: Des | D1: BackGround | E1: Reward | F1: ExpReward
A2: Tutorial_Default | B2: STR_BATTLE_TUTORIAL | C2: STR_BATTLE_TUTORIAL_DES | D2: Default | E2: Default_01 | F2: 600
A3: Battle_ThirdDragonPrince | B3: STR_BATTLE_THIRD_DRAGON_PRINCE | C3: STR_BATTLE_THIRD_DRAGON_PRINCE_DES | D3: Default | E3: Default_01 | F3: 600
A4: Battle_GoldfishDemon | B4: STR_BATTLE_GOLD_FISH_DEMON | C4: STR_BATTLE_GOLD_FISH_DEMON_DES | D4: Default | E4: Default_01 | F4: 600
A5: Battle_TheBoySage | B5: STR_BATTLE_THE_BOY_SAGE | C5: STR_BATTLE_THE_BOY_SAGE_DES | D5: Default | E5: Default_01 | F5: 600
A6: Battle_BullDemonKing | B6: STR_BATTLE_BULL_DEMON_KING | C6: STR_BATTLE_BULL_DEMON_KING_DES | D6: Default | E6: Default_01 | F6: 600
A7: Battle_YellowWindMonster | B7: STR_BATTLE_YELLOW_WIND_MONSTER | C7: STR_BATTLE_YELLOW_WIND_MONSTER_DES | D7: Default | E7: Default_01 | F7: 600
A8: Battle_GoldHornKing | B8: STR_BATTLE_GOLD_HORN_KING | C8: STR_BATTLE_GOLD_HORN_KING_DES | D8: Default | E8: Default_01 | F8: 600
A9: Battle_LiJing_Boss | B9: STR_BATTLE_LI_JING_BOSS | C9: STR_BATTLE_LI_JING_BOSS_DES | D9: Default | E9: Default_01 | F9: 600
A10: Battle_ErlangShen_Boss | B10: STR_BATTLE_ERLANG_SHEN_BOSS | C10: STR_BATTLE_ERLANG_SHEN_BOSS_DES | D10: Default | E10: Default_01 | F10: 600

Sheet StageEnemies
A1: BattleID | B1: Slot | C1: Enemy_ID | D1: Level | E1: Boss | F1: Weapon_ID | G1: Weapon_Level
A2: Tutorial_Default | B2: 1 | C2: VanguardTiger | D2: 5 | E2: FALSE
A3: Tutorial_Default | B3: 2 | C3: VanguardTiger | D3: 5 | E3: FALSE
A4: Tutorial_Default | B4: 3 | C4: VanguardTiger | D4: 5 | E4: FALSE
A5: Battle_GoldfishDemon | B5: 1 | C5: Benborba | D5: 10 | E5: FALSE
A6: Battle_GoldfishDemon | B6: 2 | C6: Baborben | D6: 10 | E6: FALSE
A7: Battle_GoldfishDemon | B7: 3 | C7: Benborba | D7: 10 | E7: FALSE
A8: Battle_GoldfishDemon | B8: 5 | C8: GoldfishDemon | D8: 12 | E8: TRUE | F8: Bronze_Hammer | G8: 1
A9: Battle_ThirdDragonPrince | B9: 1 | C9: CrabSolider | D9: 15 | E9: FALSE
A10: Battle_ThirdDragonPrince | B10: 2 | C10: SquidSolider | D10: 15 | E10: FALSE
A11: Battle_ThirdDragonPrince | B11: 3 | C11: CrabSolider | D11: 15 | E11: FALSE
A12: Battle_ThirdDragonPrince | B12: 4 | C12: GoldfishDemon | D12: 20 | E12: FALSE
A13: Battle_ThirdDragonPrince | B13: 5 | C13: ThirdDragonPrince | D13: 20 | E13: TRUE | F13: Triple_Edged_Blade | G13: 1
A14: Battle_ThirdDragonPrince | B14: 6 | C14: SquidSolider | D14: 20 | E14: TRUE
A15: Battle_LiJing_Boss | B15: 1 | C15: MarshalTianpeng | D15: 20 | E15: FALSE
A16: Battle_LiJing_Boss | B16: 2 | C16: LiJing_Boss | D16: 25 | E16: TRUE | F16: LingLong_Pagoda | G16: 1
A17: Battle_LiJing_Boss | B17: 3 | C17: HeavenlySoddier | D17: 20 | E17: FALSE
A18: Battle_LiJing_Boss | B18: 4 | C18: HeavenlySoddier | D18: 20 | E18: FALSE
A19: Battle_LiJing_Boss | B19: 5 | C19: ThirdPrinceNezha_Boss | D19: 20 | E19: FALSE
A20: Battle_LiJing_Boss | B20: 6 | C20: HeavenlySoddier | D20: 20 | E20: FALSE
A21: Battle_ErlangShen_Boss | B21: 1 | C21: HeavenlySoddier | D21: 20 | E21: FALSE
A22: Battle_ErlangShen_Boss | B22: 2 | C22: HeavenlySoddier | D22: 20 | E22: FALSE
A23: Battle_ErlangShen_Boss | B23: 3 | C23: HeavenlySoddier | D23: 20 | E23: FALSE
A24: Battle_ErlangShen_Boss | B24: 5 | C24: ErlangShen_Boss | D24: 25 | E24: TRUE | F24: Triple_Edged_Blade | G24: 2
A25: Battle_YellowWindMonster | B25: 1 | C25: VanguardTiger | D25: 20 | E25: FALSE
A26: Battle_YellowWindMonster | B26: 2 | C26: RatMonster | D26: 20 | E26: FALSE
A27: Battle_YellowWindMonster | B27: 3 | C27: VanguardTiger | D27: 20 | E27: FALSE
A28: Battle_YellowWindMonster | B28: 5 | C28: YellowWindMonster | D28: 28 | E28: TRUE
A29: Battle_GoldHornKing | B29: 1 | C29: Minions | D29: 25 | E29: FALSE
A30: Battle_GoldHornKing | B30: 2 | C30: Minions | D30: 25 | E30: FALSE
A31: Battle_GoldHornKing | B31: 3 | C31: Minions | D31: 25 | E31: FALSE
A32: Battle_GoldHornKing | B32: 4 | C32: SilverHornKing | D32: 26 | E32: FALSE
A33: Battle_GoldHornKing | B33: 5 | C33: GoldHornKing | D33: 28 | E33: TRUE
A34: Battle_GoldHornKing | B34: 6 | C34: Minions | D34: 25 | E34: FALSE
A35: Battle_TheBoySage | B35: 1 | C35: YoungBufflalo | D35: 25 | E35: FALSE
A36: Battle_TheBoySage | B36: 2 | C36: YoungBufflalo | D36: 25 | E36: FALSE
... A39: Battle_BullDemonKing | B39: 1 | C39: YoungBufflalo | D39: 25 | E39: FALSE
A40: Battle_BullDemonKing | B40: 2 | C40: BullDemonKing_Boss | D40: 30 | E40: TRUE | F40: Ferrous_Chaos | G40: 2
A41: Battle_BullDemonKing | B41: 3 | C41: YoungBufflalo | D41: 25 | E41: FALSE
A42: Battle_BullDemonKing | B42: 4 | C42: YoungBufflalo | D42: 25 | E42: FALSE
A43: Battle_BullDemonKing | B43: 5 | C43: TheBoySage | D43: 30 | E43: FALSE
A44: Battle_BullDemonKing | B44: 6 | C44: YoungBufflalo | D44: 25 | E44: FALSE

Sheet RewardConfig
A1: reward_id | B1: item_01 | C1: amount_01 | D1: item_02 | E1: amount_02 | F1: item_03 | G1: amount_03 | H1: item_04 | I1: amount_04
A2: Default_01 | B2: Jade | C2: 100 | D2: Coin | E2: 10000 | F2: common_exp | G2: 5

Sheet Stat_Matrix
A1: Rare | B1: Multiplier | C1: TierIndex | E1: Role | F1: HP | G1: ATK | H1: DEF | I1: SPD | J1: CR | K1: CD | L1: Shred | M1: Pen | N1: Res | P1: Role | Q1: HP_Inc | R1: ATK_Inc | S1: DEF_Inc | T1: SPD_Inc | U1: CR_Inc | V1: CD_Inc | W1: Shred_Inc | X1: Pen_Inc | Y1: Res_Inc | AA1: Class | AB1: HP_ClassMult | AC1: ATK_ClassMult | AD1: DEF_ClassMult | AE1: BossResBonus | AG1: Stat_Bias | AH1: HP_BiasMult | AI1: ATK_BiasMult | AJ1: DEF_BiasMult | AK1: SPD_Add | AL1: CR_Add | AM1: CD_Add | AN1: Shred_Add | AO1: Pen_Add | AP1: Res_Add
A2: R | B2: 1 | C2: 0 | E2: Tanker | F2: 4000 | G2: 900 | H2: 375 | I2: 80 | J2: 5 | K2: 0 | L2: 0 | M2: 0 | N2: 5 | P2: Tanker | Q2: 0 | R2: 0 | S2: 0 | T2: 2 | U2: 0 | V2: 0 | W2: 0 | X2: 0 | Y2: 2 | AA2: Character | AB2: 1 | AC2: 1 | AD2: 1 | AE2: 0 | AG2: Balanced | AH2: 1 | AI2: 1 | AJ2: 1 | AK2: 0 | AL2: 0 | AM2: 0 | AN2: 0 | AO2: 0 | AP2: 0
A3: SR | B3: 1.2 | C3: 1 | E3: Fighter | F3: 2750 | G3: 1650 | H3: 275 | I3: 90 | J3: 5 | K3: 5 | L3: 5 | M3: 2 | N3: 0 | P3: Fighter | Q3: 0 | R3: 0 | S3: 0 | T3: 2 | U3: 1 | V3: 3 | W3: 2 | X3: 1 | Y3: 0 | AA3: Creep | AB3: 1 | AC3: 1.4 | AD3: 1.2 | AE3: 0 | AG3: Offensive | AH3: 0.95 | AI3: 1.1 | AJ3: 0.95 | AK3: 0 | AL3: 2 | AM3: 8 | AN3: 5 | AO3: 0 | AP3: 0
A4: SSR | B4: 1.45 | C4: 2 | E4: Assassin | F4: 2000 | G4: 2250 | H4: 200 | I4: 105 | J4: 10 | K4: 15 | L4: 10 | M4: 5 | N4: 0 | P4: Assassin | Q4: 0 | R4: 0 | S4: 0 | T4: 3 | U4: 2 | V4: 3 | W4: 3 | X4: 2 | Y4: 0 | AA4: Boss | AB4: 1.5 | AC4: 1.2 | AD4: 1.2 | AE4: 10 | AG4: Defensive | AH4: 1.15 | AI4: 0.9 | AJ4: 1.1 | AK4: 0 | AL4: 0 | AM4: 0 | AN4: 0 | AO4: 0 | AP4: 5
A5: UR | B5: 1.7 | C5: 3 | E5: Mage | F5: 2250 | G5: 2100 | H5: 210 | I5: 95 | J5: 5 | K5: 10 | L5: 0 | M5: 5 | N5: 0 | P5: Mage | Q5: 0 | R5: 0 | S5: 0 | T5: 2 | U5: 1 | V5: 3 | W5: 0 | X5: 2 | Y5: 0 | AG5: Swift | AH5: 0.95 | AI5: 0.95 | AJ5: 0.95 | AK5: 8 | AL5: 5 | AM5: 0 | AN5: 0 | AO5: 0 | AP5: 0
E6: Support | F6: 3000 | G6: 1050 | H6: 250 | I6: 100 | J6: 5 | K6: 0 | L6: 0 | M6: 0 | N6: 3 | P6: Support | Q6: 0 | R6: 0 | S6: 0 | T6: 3 | U6: 0 | V6: 0 | W6: 0 | X6: 0 | Y6: 2 | AG6: Heavy | AH6: 1 | AI6: 1.05 | AJ6: 1.05 | AK6: -5 | AL6: 0 | AM6: 0 | AN6: 15 | AO6: 0 | AP6: 0
E7: ADCarry | F7: 2200 | G7: 2200 | H7: 220 | I7: 100 | J7: 8 | K7: 10 | L7: 5 | M7: 4 | N7: 0 | P7: ADCarry | Q7: 0 | R7: 0 | S7: 0 | T7: 3 | U7: 2 | V7: 3 | W7: 2 | X7: 1 | Y7: 0
